,0,1
0,-0.13929969,0.14815223
1,0.20180748,-0.26313218
2,-0.563219,0.13461788
3,0.00888378,-0.122098766
4,-0.4894088,0.20360215
5,-0.24868935,-0.08226373
6,-0.20202097,-0.012009364
7,-0.33544758,-0.04767857
8,-0.24035768,-0.13521962
9,-0.4939259,0.07796067
10,-0.009652627,-0.24046531
11,-0.5711648,-0.0690697
12,-0.42181167,0.20750126
13,-0.2785581,-0.059322063
14,-0.41221175,0.054776404
15,-0.10778774,-0.18151549
16,-0.41593632,-0.17835836
17,-0.31175384,-0.15459326
18,-0.5340358,0.037689835
19,-0.28381744,0.050506346
20,-0.241042,-0.19062445
21,-0.18018441,-0.21067879
22,-0.7734478,-0.06386961
23,-0.21159434,-0.035672568
24,-0.29426184,-0.004091434
25,-0.22360007,-0.18082933
26,-0.34204188,0.028569631
27,-0.33670503,6.7008594e-05
28,-0.38541067,-0.08438814
29,-0.37853292,0.07948744
30,-0.30376658,-0.1389851
31,-0.3745458,-0.08393869
32,-0.3264258,-0.044503253
33,-0.15015033,0.17522404
34,-0.23509067,0.10284037
35,-0.3424511,0.0398784
36,-0.31716612,-0.09855854
37,-0.15565483,-0.23580642
38,-0.3029544,-0.16766086
39,-0.015325641,0.010019906
40,-0.43855125,-0.07404793
41,-0.39836583,-0.24550068
42,0.032455195,-0.16780786
43,-0.32696643,-0.26323727
44,-0.2741917,0.031768948
45,-0.39046803,-0.026850248
46,-0.31470966,0.13012291
47,-0.68845,0.06157137
48,-0.38865218,0.13814749
49,-0.62088585,0.11597292
50,-0.19921272,-0.036566764
51,-0.40676802,0.23592025
52,-0.51357454,0.08096728
53,-0.51072735,-0.0074224407
54,-0.64986223,0.14009829
55,0.036540363,-0.40730628
56,-0.39017323,-0.007112729
57,-0.32756498,-0.07481213
58,-0.6299947,0.17919463
59,-0.4639359,-0.19754653
60,-0.55192083,0.0022636848
61,-0.2583851,-0.087244906
62,-0.45995322,0.05605624
63,-0.3780742,0.085402474
64,-0.6824873,0.103566065
65,-0.5331607,0.34004238
66,-0.41933256,0.0368844
67,-0.6132373,0.3721386
68,-0.78725475,0.24494708
69,-0.3404389,-0.08397407
70,-0.37564164,0.13886413
71,-0.15758507,0.022785911
72,-0.31840664,0.0025929555
73,-0.23594466,-0.025546463
74,-0.44850627,-0.13572778
75,-0.16803293,0.053632226
76,0.050945442,-0.07859393
77,0.0047564153,-0.17602652
78,-0.3027441,0.07980995
79,-0.21210994,0.21653463
80,-0.39389288,0.29919675
81,0.048213743,0.080816396
82,-0.20497715,0.10197067
83,-0.37854767,0.1809162
84,-0.45989555,0.055028535
85,-0.1567278,-0.21255144
86,-0.20887065,0.04730595
87,-0.25206396,-0.07041995
88,-0.43288574,-0.3162417
89,-0.23380698,-0.05934027
90,-0.44844627,0.13522227
91,-0.31794754,-0.115034275
92,-0.40753874,-0.0706268
93,-0.035325393,-0.11168784
94,-0.3472665,0.19459094
95,-0.16318132,0.1578973
96,-0.16319226,-0.15173234
97,-0.38601544,-0.10212622
98,-0.31938472,0.12697153
99,-0.37237662,-0.23978962
100,-0.23263212,-0.022300357
101,0.03419572,-0.12154015
102,-0.1135475,-0.106296666
103,-0.34623638,-0.18385425
104,-0.16626993,-0.2997626
105,-0.47238556,0.089330204
106,-0.16378848,-0.12203255
107,-0.5633296,0.09491748
108,-0.36807182,0.13020426
109,-0.25077546,-0.082741484
110,-0.7511655,0.46686256
111,-0.6419037,-0.09786757
112,-0.26184732,0.12388716
113,-0.48014718,0.1850277
114,-0.41124812,-0.022659149
115,-0.55350244,-0.060248252
116,-0.5587016,0.022680812
117,-0.16270329,-0.08306427
118,-0.19991851,0.19110349
119,-0.1305067,0.08676967
120,-0.21267319,-0.17969249
121,-0.18644792,0.046292722
122,-0.322433,-0.21462658
123,-0.51669896,0.12362569
124,-0.17468792,-0.17443216
125,-0.30805698,-0.1737068
126,-0.09802208,-0.16193298
127,-0.29470578,0.048990365
128,-0.31370673,0.05528269
129,-0.08815356,-0.1981901
130,-0.45559496,0.11270091
131,-0.74209476,0.088578716
132,-0.20603481,-0.12536079
133,-0.19474193,-0.26662162
134,-0.2667986,0.14075546
135,-0.56460446,-0.0004568806
136,-0.12904231,-0.3095681
137,-0.19208704,0.07004834
138,-0.42184183,0.025153145
139,-0.27442062,-0.038716175
140,-0.2297974,0.18252023
141,-0.543531,-0.03224855
142,-0.1727877,-0.08365123
143,-0.6266215,0.12690812
144,-0.15944582,-0.16705364
145,-0.29833642,-0.20409122
146,-0.24984257,0.17546405
147,-0.46006304,-0.0183528
148,-0.3888971,0.08020398
149,-0.32873905,-0.18656877
150,-0.5447201,-0.11630821
151,-0.07810621,-0.050253976
152,-0.5161293,-0.07560021
153,-0.34368294,0.04576914
154,-0.26856193,-0.03751049
155,-0.21918206,-0.08190283
156,-0.42185917,-0.1697364
157,-0.43118247,0.04227717
158,-0.6458481,0.13522452
159,-0.61277455,-0.062553845
160,-0.19143596,-0.35357073
161,-0.2879627,-0.2136796
162,-0.06959394,-0.1747862
163,-0.73741364,0.036739983
164,-0.20088603,0.035890628
165,-0.46847764,0.08551389
166,-0.28986317,-0.16149735
167,-0.14762318,-0.213822
168,-0.14647524,0.22079961
169,-0.4992036,0.22823448
170,-0.47558543,0.07516263
171,-0.40265164,-0.2007792
172,-0.31044534,0.13514514
173,-0.23533587,-0.025224423
174,-0.25093937,0.14327593
175,-0.23064682,0.1442652
176,-0.52321404,-0.059378788
177,-0.17678127,0.029336033
178,-0.44116804,0.11548874
179,-0.32827976,-0.123452134
180,-0.27934036,-0.0031601603
181,-0.1795006,-0.11694565
182,-0.22973922,-0.013916498
183,-0.20178674,0.07978199
184,-0.564782,0.08184554
185,-0.43308818,-0.09934493
186,-0.49010676,0.023935298
187,-0.35068405,-0.0154568
188,-0.21149758,-0.20218061
189,-0.38658145,0.20090221
190,-0.38169825,-0.11848066
191,-0.5471347,0.14124766
192,-0.15085337,-0.036029518
193,-0.4267826,-0.020449769
194,-0.26403353,-0.08352705
195,-0.21382335,0.06601497
196,-0.115531616,0.01902977
197,0.12823239,-0.21089283
198,-0.053999774,0.009872937
199,-0.49351388,0.30041236
200,-0.42570764,-0.17883362
201,-0.23824504,0.09232334
202,-0.41963592,0.19635855
203,-0.4158789,0.19000159
204,-0.21832794,-0.07317936
205,-0.31253827,0.030252963
206,-0.18993883,-0.13994783
207,-0.39145577,0.1910399
208,-0.42274907,-0.057109423
209,-0.18290189,0.046054803
210,-0.38341218,-0.1970603
211,-0.18271962,-0.20805879
212,-0.11911077,-0.18423812
213,-0.47806332,0.13841346
214,-0.28485072,-0.26181126
215,-0.39866382,0.24367426
216,-0.21522321,-0.1636905
217,-0.1751755,-0.11859531
218,-0.056476332,-0.22895937
219,-0.0892673,-0.2397949
220,-0.3663671,0.1697983
221,-0.4520477,0.16852504
222,-0.30811203,0.0076286662
223,-0.20728767,-0.08496298
224,-0.5292426,0.1810453
225,-0.32403964,0.12919712
226,-0.51677215,0.08300379
227,-0.3054946,0.2566165
228,-0.36687037,0.13766731
229,-0.58049464,-0.16271189
230,-0.23902646,-0.25257686
231,-0.30506718,-0.18613532
232,-0.40382838,0.15860201
233,-0.4572738,0.10091858
234,-0.19031331,0.21051134
235,-0.41387168,0.15466177
236,-0.47451767,-0.05325494
237,-0.29015228,-0.11138739
238,-0.17208485,0.043353215
239,-0.48891047,0.21989226
240,-0.2919385,-0.0808685
241,-0.35688022,0.13275644
242,-0.19999667,0.08607937
243,-0.28731227,0.03319717
244,-0.033517227,0.03859344
245,-0.33394358,0.21641581
246,-0.21768783,-0.029428357
247,-0.17709172,0.1735308
248,-0.23449914,0.32014307
249,-0.66824937,0.1337177
250,-0.45330188,-0.037136022
251,-0.30601972,0.2580155
252,-0.2629843,-0.01255257
253,-0.5104912,0.1960558
254,-0.23984814,-0.045948308
255,-0.34036845,-0.0064564394
256,-0.42452648,-0.08272022
257,-0.2613035,0.10244555
258,-0.39677033,0.014193339
259,-0.34987372,0.08361077
260,-0.17885822,0.041372575
261,-0.40250534,-0.021675935
262,-0.18134163,0.11162957
263,-0.37717566,-0.093844436
264,-0.36318907,0.079205215
265,-0.17252931,-0.035867266
266,-0.09640505,-0.078298114
267,-0.21214114,-0.06329854
268,-0.29931515,0.037179016
269,-0.31353143,-0.05730878
270,-0.20336233,0.07024549
271,-0.38512766,-0.1923028
272,-0.6882478,0.0073482306
273,-0.2155279,-0.09055226
274,-0.36367163,0.049139157
275,-0.23714484,-0.071342975
276,-0.33673328,0.09617213
277,-0.23061645,-0.04216388
278,-0.4628288,0.02548381
279,-0.3222853,0.045015786
280,-0.07912777,0.01733427
281,-0.42436695,0.023071729
282,-0.29527903,-0.1506885
283,-0.012294153,-0.18180858
284,-0.38308498,-0.056761604
285,-0.37453982,-0.090191126
286,-0.1671006,0.15860079
287,-0.5088322,-0.06713462
288,-0.23897137,0.043690752
289,-0.4543038,-0.22314784
290,-0.105456576,-0.26910096
291,-0.3420551,-0.3489382
292,-0.33674526,0.03127271
293,-0.5231921,0.15376359
294,-0.04152735,-0.11685875
295,-0.22613066,-0.062455125
296,-0.45754558,-0.018377723
297,-0.39144826,-0.09317843
298,-0.23345819,0.2971824
299,-0.18648042,-0.09801535
300,-0.024192838,0.055679355
301,-0.218972,-0.06439514
302,-0.09792009,-0.2802171
303,-0.12996195,0.27318674
304,-0.35342383,-0.117293015
305,-0.21531133,0.08680178
306,-0.38773292,0.15414925
307,-0.40994057,-0.10305981
308,-0.3626114,0.18228509
309,-0.3969704,0.27363208
310,-0.29137534,0.28671065
311,-0.49798843,0.13135724
312,-0.42826408,-0.023372829
313,-0.28322047,0.2620796
314,-0.65711945,0.018811518
315,-0.15672454,-0.14733703
316,-0.22111504,-0.43130094
317,-0.20320769,0.14508916
318,-0.3857542,0.018338928
319,-0.42272094,0.16896999
320,-0.20329641,0.11734845
321,-0.28037623,0.13752793
322,-0.3317442,-0.03508832
323,0.0011034559,0.0032087134
324,-0.49517882,-0.050436158
325,-0.30986938,-0.21679322
326,-0.3428141,0.09425715
327,-0.27330112,-0.009363893
328,-0.26269978,0.0014842071
329,-0.25972956,-0.013943757
330,-0.2609404,-0.002072621
331,-0.3793498,-0.003777639
332,-0.51613617,-0.110861935
333,-0.48579678,-0.089598306
334,-0.45990255,-0.0074103507
335,-0.33580816,0.1840512
336,-0.20191643,0.00336426
337,-0.15567711,0.18607748
338,-0.6451624,0.1579741
339,-0.29650658,-0.06442851
340,-0.025185553,-0.29219598
341,-0.35053566,-0.0797115
342,-0.44523904,-0.16564916
343,-0.38038164,0.059450474
344,-0.41173813,0.06006799
345,-0.5487488,-0.062046144
346,-0.51904935,0.07223549
347,-0.3839744,0.12716639
348,-0.67000604,0.21133545
349,-0.4458136,-0.073526666
350,-0.32175198,-0.027652469
351,-0.74665487,0.16500776
352,-0.35216287,0.3203377
353,-0.62030315,0.35041228
354,-0.20210336,0.055107635
355,0.055108733,-0.19967131
356,-0.37644818,0.0073628174
357,-0.51001966,0.37398887
358,-0.24191377,-0.3300473
359,-0.319971,0.27924618
360,-0.3827922,0.27948153
361,-0.34538192,-0.072508544
362,-0.14472446,-0.022635307
363,-0.48289698,-0.035487734
364,-0.25820452,0.13613176
365,-0.29223233,0.058210842
366,-0.3702206,0.08887699
367,-0.2073374,-0.03601436
368,-0.27003154,0.04550936
369,-0.3292527,0.023088256
370,-0.24061799,0.08642279
371,-0.13700618,-0.08262736
372,-0.0027667386,-0.014719512
373,-0.09653983,-0.073582046
374,-0.38042876,0.08007938
375,-0.47910556,0.19452128
376,-0.36843756,-0.10089815
377,-0.44904372,0.12768197
378,-0.5312438,0.14219436
379,-0.13446857,-0.0018808182
380,-0.2620293,0.23573826
381,-0.27210432,-0.038718108
382,-0.6048715,0.27405503
383,-0.21579967,-0.045424033
384,-0.5350339,0.031050572
385,-0.39275405,0.028658753
386,-0.23613541,0.04324401
387,-0.36644298,0.08215132
388,-0.36596763,-0.063787125
389,-0.49988905,-0.06715236
390,-0.1594053,-0.28394163
391,-0.48519176,0.21107395
392,-0.03564362,-0.05520939
393,-0.38869762,0.09101298
394,-0.1212934,-0.20270698
395,-0.25283033,0.17712383
396,-0.121802665,0.14028426
397,-0.49392724,0.0052767913
398,-0.09062395,-0.024058199
399,-0.055421166,-0.08599945
400,-0.27312636,-0.16883923
401,-0.374047,-0.17129648
402,-0.4429331,0.038352083
403,-0.22417834,-0.18829648
404,-0.43739566,0.38288668
405,-0.37332627,-0.13908595
406,-0.34014964,0.02976353
407,-0.6804566,-0.039667197
408,-0.2072622,-0.09521266
409,-0.18212059,-0.1286078
410,-0.19562459,-0.16275576
411,-0.4099984,-0.07149972
412,-0.1964082,-0.22382092
413,-0.34692734,-0.19678727
414,-0.37726772,0.09885936
415,-0.046480093,-0.11496919
416,-0.29089585,-0.014138427
417,-0.50857085,-0.24428278
418,-0.26081854,-0.10712219
419,-0.30469713,0.02720163
420,-0.048266407,-0.11369552
421,-0.2925839,0.14152186
422,-0.21602401,0.056023505
423,-0.36787745,0.018383613
424,-0.31340894,0.044282693
425,-0.068034545,-0.034723908
426,-0.1708352,-0.00017389756
427,-0.3655024,-0.22400512
428,-0.5939923,0.12229443
429,-0.16185081,0.2172332
430,-0.20163059,0.009764896
431,-0.25337502,0.053473223
432,-0.16644867,-0.15142196
433,-0.44528583,-0.19448248
434,-0.2028627,0.0672794
435,-0.24822646,0.022520108
436,-0.3268294,0.022262095
437,-0.40365976,0.11412085
438,-0.4451081,0.16128239
439,-0.21040037,0.12766244
440,-0.24786605,0.11337691
441,-0.3612005,-0.07452623
442,-0.077157415,-0.1112552
443,-0.3378296,-0.104984425
444,-0.41964883,-0.16286956
445,-0.38433975,-0.14749958
446,-0.43142867,0.19153179
447,0.009784585,-0.038785998
448,-0.46759564,0.18179281
449,-0.19371578,-0.19187336
450,-0.105536714,-0.08898964
451,0.00542235,-0.32127854
452,-0.08817868,0.026887894
453,-0.33023402,-0.22859916
454,-0.23200934,0.048858535
455,-0.20632453,0.2091396
456,-0.5562631,0.08742772
457,-0.19553645,0.10847804
458,-0.44588634,-0.15770821
459,-0.32036218,-0.030224644
460,-0.2754625,-0.017486919
461,-0.3509149,-0.052180678
462,-0.4149368,-0.01835839
463,0.2775891,-0.13088015
464,-0.3357968,-0.08153905
465,-0.3306334,-0.06697947
466,-0.19514462,0.07702742
467,-0.45792228,-0.0051492206
468,-0.03866933,-0.101259515
469,-0.4482966,-0.11781831
470,-0.19740793,-0.04394865
471,-0.3351904,-0.122600384
472,-0.7138002,-0.10763377
473,-0.27495193,0.010654144
474,-0.3148753,0.036677353
475,-0.30303434,-0.08621325
476,0.0012826965,-0.16702501
477,-0.3595984,0.0012335624
478,0.0146676265,-0.2590425
479,-0.35614887,-0.101693705
480,-0.22106762,-0.13937701
481,-0.12977254,0.07054263
482,-0.25785157,-0.17337893
483,0.099307835,-0.2875695
484,-0.5956465,0.25743088
485,-0.1905774,-0.06911864
486,-0.23995736,0.124005884
487,-0.18966159,0.0022659637
488,-0.21298632,0.029250931
489,-0.37901637,0.043944787
490,-0.16386634,-0.04671349
491,-0.016346695,-0.108348794
492,-0.10407326,-0.26971444
493,-0.23971646,0.15679371
494,-0.295468,0.0022881378
495,-0.22611614,-0.23055798
496,-0.3500345,0.022891711
497,-0.43072316,0.07395306
498,-0.20280138,-0.15941775
499,-0.0729836,-0.004227278
500,-0.4985802,0.13622655
501,-0.29949602,-0.2293741
502,-0.35474285,-0.13248454
503,-0.17534398,-0.13575481
504,-0.21231931,0.014857862
505,-0.33552343,-0.22712472
506,-0.29174113,-0.17834209
507,-0.3714271,-0.0050004283
508,-0.17361134,0.10945512
509,-0.26811963,-0.014613122
510,-0.42264476,-0.020553939
511,-0.08585112,-0.20332338
512,-0.30375353,-0.029480595
513,-0.3702336,0.13601282
514,-0.49192977,0.029379778
515,-0.14461404,-0.4076563
516,-0.15272693,-0.023937229
517,-0.24970907,-0.13569337
518,-0.16515335,0.32740107
519,-0.37261796,-0.051768288
520,-0.3885021,0.1349391
521,-0.28396323,0.08984984
522,-0.33030686,0.10663522
523,-0.091864884,-0.33348626
524,-0.3863673,-0.019622954
525,-0.36124414,-0.07839339
526,-0.2161511,0.040908583
527,-0.4428916,0.10180814
528,-0.15973173,-0.028553212
529,-0.22844894,0.03137889
530,-0.2581857,-0.22606394
531,-0.37107372,-0.19574402
532,-0.2670462,0.20548357
533,-0.2757701,-0.046297546
534,-0.3597862,0.03904725
535,-0.12287466,-0.21448459
536,-0.29299936,0.0639053
537,-0.06984512,-0.022901086
538,-0.41780207,0.11365812
539,-0.56594235,-0.016890146
540,-0.5484083,0.12832099
541,0.048793517,-0.048114292
542,-0.37856728,-0.0149922045
543,-0.3757488,-0.25522253
544,-0.28357613,-0.0470378
545,-0.350365,0.1217585
546,-0.13469994,-0.2466914
547,-0.40876964,-0.11191346
548,-0.04568728,0.116169885
549,-0.30208477,-0.17946415
550,-0.36155447,-0.050091743
551,-0.22892018,-0.11648606
552,-0.38628238,-0.19755185
553,-0.35599148,-0.1569512
554,-0.36825967,0.12922503
555,-0.7714873,-0.06229248
556,-0.3493039,-0.11398802
557,-0.30461285,-0.004020807
558,-0.117324,-0.15771987
559,-0.42517447,-0.14565316
560,-0.40642607,0.15866858
561,-0.48217604,-0.094594486
562,-0.2883246,-0.16994147
563,-0.030043598,-0.07000273
564,-0.43448868,0.26484868
565,-0.22929743,0.047653526
566,-0.3501459,0.018402765
567,-0.50782853,0.265569
568,-0.3350846,-0.10946387
569,-0.07774186,-0.108148836
570,-0.23665734,0.21052952
571,-0.45835978,-0.07976566
572,-0.16250592,0.14063615
573,-0.33770525,-0.23872857
574,-0.3812348,0.0962216
575,-0.07086057,-0.037602343
576,-0.4315382,0.029130302
577,-0.023221485,-0.09059982
578,0.00026478313,-0.006933543
579,-0.28040177,0.077555835
580,-0.4315354,0.04188283
581,-0.35778242,-0.099276766
582,-0.3311285,-0.14229704
583,-0.394678,0.14154597
584,-0.359462,-0.20000632
585,-0.2478043,0.022933196
586,0.08961494,-0.10748
587,-0.55159783,0.15558767
588,-0.09532638,0.11393081
589,-0.32598752,-0.019683884
590,-0.46580353,0.2118308
591,-0.088247195,-0.34513834
592,-0.42596635,-0.18154705
593,-0.39267612,-0.02832309
594,-0.19217683,0.17037287
595,-0.4979631,0.016424078
596,-0.43328857,0.09563626
597,-0.3450284,0.017508704
598,-0.34837565,0.029955994
599,-0.55181074,0.3439332
600,-0.3480041,-0.034865193
601,-0.38322514,0.13650544
602,-0.31280208,-0.0963527
603,-0.13006924,0.07316883
604,-0.43903634,0.045417145
605,-0.6346282,0.08327378
606,-0.21938959,0.009517671
607,-0.254204,-0.23145291
608,-0.5255837,0.14930573
609,-0.4556965,-0.075868376
610,-0.029851113,0.12817132
611,-0.59853023,0.15544148
612,-0.47252467,0.05685885
613,-0.2517968,-0.2634659
614,-0.40377054,0.07427684
615,-0.30442816,-0.0881264
616,-0.6043565,0.052687496
617,-0.3752065,0.176878
618,-0.36378554,0.14401622
619,-0.39242065,0.100305885
620,-0.47151065,-0.064856835
621,-0.31775525,0.0042039244
622,-0.17276514,-0.05802502
623,-0.52350914,0.19603822
624,-0.36026302,-0.017239759
625,-0.27374327,-0.26774707
626,-0.163018,-0.018216783
627,-0.4230217,0.049473602
628,-0.52000767,0.32510504
629,-0.39024192,0.11143339
630,-0.20558001,-0.029970452
631,-0.4118886,-0.093919896
632,-0.22959104,-0.0088998135
633,-0.24218628,-0.105559975
634,-0.39822233,0.1641773
635,-0.25033182,-0.3522297
636,-0.38573426,-0.11618431
637,-0.5045579,0.1807903
638,-0.2581775,-0.20568042
639,-0.2973244,-0.08411984
640,-0.46498147,0.10928209
641,-0.05873154,-0.30334064
642,-0.4097062,0.08471314
643,-0.6614813,-0.04067411
644,-0.3324191,-0.1185066
645,-0.29067332,0.08402448
646,-0.30272985,0.04175152
647,-0.6324464,0.016380034
648,-0.3471822,0.1880822
649,-0.32066718,0.16226372
650,-0.31511825,0.07440508
651,-0.4511908,0.16741997
652,-0.37087885,0.03906864
653,-0.49615526,0.2409395
654,-0.38459447,-0.16577429
655,-0.16335091,-0.1626089
656,-0.54700625,-0.007094861
657,-0.5014747,-0.0018276762
658,-0.07085653,-0.056634624
659,-0.35497558,-0.07396596
660,-0.50113416,0.27994582
661,-0.3277023,-0.08252888
662,-0.6404382,0.2807391
663,-0.39506036,0.020528723
664,-0.30735365,-0.090935655
665,-0.44647765,-0.055924118
666,-0.025121124,-0.1339935
667,-0.5252162,0.033080004
668,-0.56662935,0.19083829
669,-0.1678883,-0.17767647
670,-0.45154706,0.040621374
671,-0.11381747,-0.16681875
672,-0.31342342,0.013499722
673,-0.28504303,0.048506938
674,-0.3336896,-0.19228452
675,-0.4204697,0.3696886
676,-0.3649854,-0.09664344
677,-0.24131753,-0.13400206
678,-0.28543332,-0.4386406
679,-0.47755414,-0.17175633
680,-0.40623882,0.08108274
681,-0.37275198,0.22449653
682,-0.2888037,-0.02976617
683,-0.35697976,-0.066646345
684,-0.4561598,-0.07981521
685,-0.18771708,0.26545247
686,-0.33643246,0.090171814
687,-0.5064075,0.13644885
688,-0.1098014,0.14319679
689,-0.11179316,-0.18368797
690,-0.26090524,0.052373167
691,-0.38310376,0.13678108
692,-0.4581867,-0.15520544
693,-0.54999447,0.16297056
694,-0.1103289,0.21681406
695,-0.48236597,0.018812736
696,-0.2792439,0.12399089
697,-0.23287165,-0.28715822
698,-0.42613998,0.10637349
699,-0.38186145,0.1686001
700,-0.50392765,0.09884531
701,-0.072299786,-0.08985633
702,-0.37492302,0.0040493067
703,-0.2795317,0.26122943
704,-0.32151377,0.031377714
705,-0.33277228,0.008700642
706,-0.409802,-0.079501376
707,-0.45944372,0.010567729
708,-0.13014215,0.03509169
709,-0.31340906,0.11396582
710,-0.25551775,-0.10270402
711,-0.2066859,0.022629613
712,-0.31025723,0.02789297
713,-0.5043817,0.27449158
714,-0.5309376,-0.10251643
715,-0.24322438,-0.15413581
716,-0.11588161,-0.34125802
717,-0.1924663,-0.16430815
718,-0.41872126,0.028848689
719,-0.4091241,-0.15240397
720,-0.17504038,-0.1759216
721,-0.27681875,-0.087008215
722,-0.13316025,-0.02748873
723,-0.39586082,0.11677782
724,-0.33289358,-0.108122975
725,-0.22961251,0.058893964
726,-0.23634459,-0.34963888
727,-0.2744916,0.15075448
728,-0.6245143,-0.05128239
729,-0.43881616,-0.3322614
730,-0.48902828,0.15910305
731,-0.39287812,-0.04403414
732,-0.09293692,-0.060936626
733,-0.5009734,-0.028748121
734,-0.06291823,0.056122284
735,-0.29727677,0.1412444
736,-0.46367523,0.1036497
737,-0.20631735,-0.33758894
738,-0.39375728,0.2540985
739,-0.112795405,-0.009256709
740,-0.06438119,-0.015311157
741,-0.21505691,0.08634038
742,-0.2671313,0.10195436
743,-0.44899836,-0.020742146
744,-0.53505975,0.12393201
745,-0.679048,0.09283573
746,-0.43213582,-0.022780577
747,-0.58953375,0.08750391
748,-0.06158084,0.060768444
749,-0.5548394,0.0126771545
750,0.0109462915,0.07833634
751,-0.35026535,0.13049278
752,-0.28434864,-0.03038656
753,-0.18897177,0.1161738
754,-0.23932388,-0.12574543
755,-0.06760313,-0.30055133
756,-0.43108448,-0.23082854
757,-0.36338496,-0.24658333
758,-0.2999181,-0.066459335
759,-0.31300706,-0.022726087
760,-0.383554,-0.20255208
761,-0.60011226,0.25444645
762,-0.41574863,0.007653972
763,-0.19225742,-0.040728558
764,-0.4944659,0.08027389
765,-0.2460883,-0.013619294
766,-0.21818224,-0.0052212914
767,-0.42051828,0.19326742
768,0.039987408,-0.25283894
769,-0.039320793,-0.24564913
770,-0.25265598,0.08826815
771,-0.44768423,0.07731224
772,-0.30850092,-0.05711264
773,-0.40005398,0.035528146
774,-0.27263445,-0.045088556
775,-0.57156944,0.17131877
776,-0.5226687,0.16094111
777,-0.24974343,0.082105525
778,-0.14947724,-0.35109758
779,-0.55878305,0.060653754
780,-0.4161841,-0.06333958
781,-0.19246203,-0.08946099
782,-0.08757703,-0.15723915
783,-0.40264523,0.12379026
784,-0.2856013,-0.0031538138
785,-0.0668044,-0.17805697
786,-0.5251241,0.23119995
787,-0.44552633,0.15661144
788,-0.38488832,-0.09447483
789,-0.3075738,-0.03572194
790,-0.4370228,0.18121196
791,-0.12282794,-0.26049215
792,-0.08143765,-0.031381544
793,-0.20423591,-0.07762899
794,-0.40182483,0.10288755
795,-0.28340057,0.028571311
796,-0.11217089,-0.041908573
797,-0.4931769,0.2648662
798,-0.5494452,0.034826115
799,-0.65626585,-0.06997552
800,-0.296581,-0.040924408
801,-0.40488595,0.052407056
802,-0.37969086,-0.0033525839
803,-0.26097834,0.011295329
804,-0.51063985,0.27601025
805,0.0007384613,-0.11064013
806,-0.2937521,0.19475697
807,-0.1788237,-0.25459853
808,-0.49366575,0.24888107
809,-0.4547034,0.17081626
810,-0.4912268,0.04108722
811,-0.38102594,0.051838752
812,-0.06614212,-0.0259307
813,-0.6724285,0.24162827
814,-0.51514107,0.26575518
815,-0.06636663,-0.056822326
816,-0.22779955,-0.46586305
817,-0.29334864,-0.058099102
818,-0.7347858,0.09705521
819,-0.025761891,-0.28599522
820,-0.23543268,-0.25722903
821,-0.43561763,0.26831973
822,-0.66017354,0.18480898
823,-0.3491625,-0.020265697
824,-0.18310492,0.019016175
825,-0.28038523,-0.1801511
826,-0.45349,0.08815132
827,-0.51478326,0.09356407
828,-0.25073895,-0.13843817
829,-0.21239983,-0.10126642
830,-0.189864,-0.21650527
831,-0.26776755,0.12876642
832,-0.19740678,0.040817644
833,-0.20024851,0.028352877
834,-0.22781171,-0.32013494
835,-0.28236002,-0.03013107
836,-0.26980218,-0.29847464
837,-0.1798155,-0.1978463
838,-0.11062518,-0.08902259
839,-0.24819575,-0.057853315
840,-0.22726613,-0.0448045
841,-0.41197628,0.009000161
842,-0.34413534,0.15392286
843,-0.5541265,0.16489784
844,-0.46181798,0.04841338
845,-0.3261232,-0.1113241
846,-0.32989946,-0.10843171
847,-0.08549734,0.041117776
848,-0.1005676,0.20217481
849,-0.32781076,0.15543883
850,-0.62181896,0.029441714
851,-0.11478014,-0.19770063
852,-0.42131656,0.34900406
853,-0.6495802,-0.15667853
854,-0.43160284,0.2250441
855,-0.24136753,0.009183189
856,-0.3656635,0.029610528
857,-0.44674474,-0.0035601554
858,-0.5133618,0.1718681
859,-0.265665,-0.22292595
860,-0.3088943,0.04724734
861,-0.37554678,-0.11762739
862,-0.020064784,-0.2615791
863,-0.55088603,0.12625335
864,-0.33217028,0.16511558
865,-0.45898885,0.13262966
866,-0.3114993,-0.06044342
867,-0.2855921,0.05137625
868,-0.508492,-0.015979283
869,-0.1701996,-0.16457427
870,-0.33187106,0.017404815
871,-0.12875551,0.024368938
872,-0.25292647,-0.10858783
873,-0.4548798,0.31963226
874,-0.29376584,0.0387234
875,-0.45706248,0.106811486
876,0.17483252,-0.6222819
877,-0.3230436,0.03179122
878,-0.29766372,0.097978026
879,-0.32341868,-0.06854028
880,-0.18826373,0.16930841
881,-0.4979149,-0.089545734
882,-0.29860866,0.32363626
883,-0.5582204,0.3051304
884,-0.35463256,-0.13617916
885,-0.22582412,-0.13968936
886,-0.2336871,-0.102224134
887,-0.42651212,0.061355386
888,-0.36147204,0.23778334
889,-0.52597964,-0.085861824
890,-0.409434,-0.033187456
891,-0.3755815,-0.09841092
892,-0.10900346,-0.05140219
893,-0.3245679,0.11117551
894,-0.21153802,0.27685684
895,-0.13058053,-0.2342842
896,-0.09372864,-0.2935896
897,-0.3324994,-0.04227526
898,-0.44222513,0.13924834
899,-0.16112839,-0.15327388
900,-0.031255808,-0.08880271
901,-0.15122533,-0.21526106
902,-0.3217403,0.048451275
903,-0.33378115,0.098715074
904,-0.23962748,0.05581422
905,-0.38429537,0.14929196
906,-0.1310645,-0.14874324
907,-0.38752916,-0.07165947
908,-0.35256767,0.08362149
909,0.0561036,0.09523272
910,-0.0741021,-0.16770904
911,-0.26629364,-0.37090504
912,-0.0753317,-0.08741237
913,-0.6080668,0.06742472
914,-0.2204169,-0.120644875
915,-0.52638006,0.111725636
916,-0.27386093,0.15841341
917,-0.33965558,0.026111983
918,-0.4335389,-0.15450536
919,-0.41109726,0.0706538
920,-0.44557807,-0.28731978
921,-0.027982859,0.07637428
922,-0.4512565,0.16220136
923,-0.3230403,-0.017365914
924,-0.29396257,-0.17412114
925,-0.10605933,-0.16948639
926,-0.43913773,0.0019282267
927,-0.33493856,0.117178634
928,-0.47378042,0.15351665
929,-0.20505074,0.13170706
930,-0.420211,0.16783904
931,-0.4016669,-0.0015461367
932,-0.10574161,-0.08007517
933,-0.38910583,0.16698386
934,-0.39497176,0.10446828
935,-0.7036423,-0.069328755
936,0.036241442,-0.14038643
937,-0.26387694,-0.18853737
938,-0.23596053,0.02068988
939,-0.62212384,0.26001436
940,-0.37792635,0.07246391
941,-0.40976268,-0.20693018
942,-0.2474926,0.10079041
943,-0.25666714,0.20593643
944,-0.58701277,0.18393119
945,-0.4836338,0.2002601
946,-0.5017639,-0.04701497
947,-0.49764565,0.15142588
948,-0.3484618,0.046204742
949,-0.37383783,0.11298444
950,-0.5525335,0.13009308
951,-0.36042905,-0.028093698
952,-0.0312826,0.01001117
953,-0.21329708,0.13047205
954,-0.5864621,0.20868436
955,-0.010245644,-0.07102676
956,-0.2591424,-0.14093095
957,-0.35783747,0.078973874
958,-0.12969004,-0.28925496
959,-0.4230007,0.07590855
960,-0.4280655,0.0220046
961,-0.2359733,-0.10534463
962,-0.15156412,-0.04620611
963,-0.3559712,0.20300578
964,-0.50415653,-0.12118091
965,-0.48422882,-0.21782807
966,-0.32479933,-0.04084976
967,-0.3243526,-0.29265213
968,-0.44067833,0.25533876
969,-0.187405,0.008355272
970,-0.33134335,0.09170408
971,-0.30404156,-0.15956618
972,-0.38040534,0.16405433
973,-0.115389705,-0.01775645
974,-0.19791731,0.07800607
975,-0.28020194,-0.114707366
976,-0.47020823,0.170158
977,-0.3415534,-0.080643594
978,-0.38702434,0.000407076
979,-0.15279743,-0.11087202
980,-0.46883172,0.022453886
981,-0.28674525,0.0061666253
982,-0.37703645,-0.14797133
983,-0.682349,0.19249214
984,-0.4558116,0.05024092
985,-0.32687277,-0.19878627
986,-0.2628815,-0.11232643
987,-0.3491502,-0.1435452
988,-0.121113285,-0.14448743
989,-0.2700452,-0.10400464
990,-0.33104134,-0.17708908
991,-0.3629786,0.11957257
992,-0.2973459,0.09140392
993,-0.16258134,0.15551478
994,-0.26135015,0.03392008
995,-0.47258884,-0.031810783
996,-0.46026355,-0.10446471
997,-0.5590225,0.11218464
998,-0.16753155,-0.10547376
999,-0.2201811,-0.108205386
1000,-0.52258587,0.12838736
1001,-0.59645104,-0.049332418
1002,-0.20221063,-0.039180554
1003,-0.048597492,-0.11513533
1004,-0.19641665,0.10602469
1005,-0.34358245,-0.048227616
1006,-0.29357424,0.0433288
1007,-0.33958885,0.16931675
1008,-0.12415032,0.11280778
1009,-0.1593409,-0.12471799
1010,-0.38928312,-0.17299224
1011,-0.45792305,-0.18555392
1012,-0.44306207,0.10263149
1013,-0.3381158,0.007341995
1014,-0.33140624,-0.067548335
1015,-0.13134164,0.1581247
1016,-0.47364533,0.12981945
1017,-0.3714589,0.052115142
1018,-0.27092445,-0.005037094
1019,-0.47053173,0.26231524
1020,-0.48627684,0.0073394733
1021,-0.27048963,-0.17963044
1022,-0.24633712,-0.2140712
1023,-0.30676964,-0.035084393
1024,-0.30298027,-0.07860923
1025,-0.20528077,0.026230022
1026,-0.166948,-0.1494171
1027,-0.4832002,0.09089373
1028,-0.27375415,-0.10547432
1029,-0.3725993,0.07221632
1030,-0.29557836,-0.029031156
1031,-0.41359934,0.11533651
1032,-0.45719007,-0.21094318
1033,-0.17877635,0.05219817
1034,-0.35648772,0.02363578
1035,-0.041683715,0.15529583
1036,-0.105913594,-0.015126162
1037,-0.52989113,-0.15986505
1038,-0.3229089,0.03512643
1039,0.0038103429,-0.0071072457
1040,-0.36478436,-0.21361041
1041,-0.28513813,-0.25714597
1042,-0.3937647,0.11922164
1043,-0.16293952,0.181111
1044,-0.3186985,-0.2470653
1045,-0.39875925,0.09310233
1046,-0.5555489,0.0855132
1047,-0.13617772,-0.09942893
1048,-0.099852815,-0.09244793
1049,-0.5366192,-0.15765621
1050,-0.21330523,-0.15349509
1051,-0.2031528,0.09709457
1052,-0.22030172,-0.14525522
1053,-0.26915056,0.009291143
1054,-0.07786438,0.0280925
1055,-0.43010345,0.11826564
1056,-0.33437297,0.10603169
1057,-0.22664154,0.07737238
1058,-0.7154171,-0.018820317
1059,-0.59562737,0.1457498
1060,-0.21702375,-0.20393457
1061,-0.18547912,-0.20785744
1062,-0.07281068,-0.33171925
1063,-0.08142912,0.030128943
1064,-0.70204216,0.027193876
1065,-0.3072734,-0.21863887
1066,-0.4062772,0.051961236
1067,-0.22333677,-0.03322605
1068,-0.29319167,-0.048162084
1069,-0.42577088,-0.0063035274
1070,-0.35121292,0.014835746
1071,0.022373393,-0.1207271
1072,-0.37468508,-0.033635844
1073,-0.03592235,-0.1149886
1074,-0.37889048,0.19257303
1075,-0.36331213,0.18146303
1076,-0.41825274,-0.022626445
1077,-0.22633179,0.22493778
1078,-0.17966507,-0.10813789
1079,-0.22936757,0.111124255
1080,0.0069861026,-0.011060193
1081,-0.18630676,-0.14971614
1082,-0.39736798,-0.12980151
1083,-0.43796515,0.2102172
1084,-0.59237707,-0.088411935
1085,-0.3240494,-0.047231812
1086,-0.55996644,-0.047332942
1087,-0.25771806,-0.13994569
1088,-0.3141393,-0.03921052
1089,-0.25418478,-0.047950298
1090,-0.23731661,0.1088141
1091,-0.14394581,-0.13881117
1092,-0.300713,-0.02487549
1093,-0.44419026,-0.16786055
1094,-0.24685967,-0.13042669
1095,-0.6485949,0.036155216
1096,-0.22256377,-0.12156755
1097,-0.3261075,-0.041465968
1098,-0.4371027,-0.0010533812
1099,-0.30193052,0.07282253
1100,-0.13065346,-0.060663976
1101,-0.62567717,0.13644603
1102,-0.3613163,-0.1775008
1103,-0.2986514,-0.024928965
1104,-0.2573109,0.04868289
1105,-0.4044595,0.21173906
1106,-0.2127682,-0.37855434
1107,-0.37846893,-0.22508998
1108,-0.28073108,-0.10149584
1109,-0.14218868,-0.023157373
1110,-0.43616408,0.16660523
1111,-0.49735358,-0.10987119
1112,-0.22296093,-0.019990971
1113,-0.5308452,0.010785002
1114,-0.29348344,-0.055939894
1115,-0.62405574,-0.2641304
1116,-0.5632555,0.15522668
1117,-0.15804927,0.19201237
1118,-0.3606629,0.33094913
1119,-0.16431184,0.105755426
1120,-0.23745413,-0.05243244
1121,-0.5560504,0.18221825
1122,-0.20791319,0.07163377
1123,-0.2137491,-0.027828844
1124,-0.28170073,0.25197253
1125,-0.53482497,0.106556654
1126,-0.5087032,0.22494012
1127,-0.33115825,-0.021534434
1128,-0.029784812,0.2753203
1129,-0.07949603,-0.16504377
1130,-0.26794633,0.07000888
1131,-0.31528106,0.040093098
1132,-0.19590358,-0.13645065
1133,-0.5620576,0.13716531
1134,-0.42458642,-0.00033364093
1135,-0.2775043,-0.20188008
1136,-0.3299816,0.23198846
1137,-0.35803476,0.067031845
1138,-0.29402944,-0.13059905
1139,-0.22514197,-0.020542493
1140,-0.178824,0.09532476
1141,-0.4884303,0.2841777
1142,-0.14308468,-0.32620633
1143,-0.18970229,-0.14112158
1144,-0.057495575,-0.10356816
1145,-0.3953987,0.091700494
1146,-0.4137043,-0.1494128
1147,-0.3358106,0.0019068104
1148,-0.38299206,-0.04555983
1149,-0.27045766,-0.08913819
1150,-0.14532153,-0.3245
1151,-0.5967803,0.16094312
1152,-0.21537824,-0.04515246
1153,-0.24464032,0.11975826
1154,-0.47782332,0.14974289
1155,-0.54301023,0.08909397
1156,0.032789737,-0.25601465
1157,-0.12761365,-0.05430706
1158,-0.2569146,0.041497707
1159,-0.47563043,-0.0004154367
1160,-0.39485627,-0.012642365
1161,-0.014993264,-0.03204002
1162,-0.046585966,-0.113032535
1163,-0.32673264,-0.21406099
1164,-0.29386905,-0.11160978
1165,-0.0320194,0.065613724
1166,-0.1945814,0.06560637
1167,-0.47126538,0.080436155
1168,-0.25566205,0.28807816
1169,-0.5735648,0.13173698
1170,-0.52177167,-0.0023309342
1171,-0.37069258,-0.103534944
1172,-0.35016632,0.20699464
1173,-0.38243124,-0.215573
1174,-0.2882889,0.048497517
1175,-0.1832838,-0.18132003
1176,-0.42608815,-0.16563936
1177,-0.54409355,0.17465982
1178,-0.2004752,0.21002968
1179,-0.30835932,-0.06018303
1180,-0.32691282,0.026084004
1181,-0.08149532,-0.15234949
1182,-0.40092465,-0.2136367
1183,-0.4000503,-0.09915431
1184,-0.19847924,-0.33405474
1185,-0.3944755,-0.19458024
1186,-0.42107755,-0.014990136
1187,-0.55886227,0.14424638
1188,-0.17839475,-0.014958504
1189,-0.37741345,-0.14935695
1190,-0.29576573,-0.07820011
1191,-0.3210653,-0.27501932
1192,-0.32520112,0.02384739
1193,-0.22374831,0.18947871
1194,0.09621838,-0.069122486
1195,-0.47509083,0.12860009
1196,-0.4792312,0.10244022
1197,-0.023939721,-0.048669152
1198,-0.2591701,-0.06344435
1199,-0.45667878,-0.16544357
1200,-0.4175521,0.067851536
1201,-0.23445974,-0.18748125
1202,-0.21743296,0.12607647
1203,-0.4071443,0.018800745
1204,-0.2425402,-0.04991225
1205,-0.18992291,-0.4188117
1206,-0.23110074,-0.11296318
1207,-0.06445165,-0.018003453
1208,-0.41105238,-0.2223751
1209,-0.26784164,-0.13483839
1210,-0.3677602,-0.19757915
1211,-0.26715076,0.0057603386
1212,-0.46847975,0.29468378
1213,-0.24155821,-0.10369759
1214,-0.18863304,0.018163064
1215,-0.05685388,-0.117297195
1216,-0.31841254,-0.09378001
1217,-0.64720285,0.053927988
1218,-0.28035766,0.23946205
1219,-0.07714801,-0.004162772
1220,-0.15170324,-0.17665337
1221,-0.040527746,0.075707756
1222,-0.37250596,-0.09000123
1223,-0.21405414,-0.07379346
1224,-0.49330762,0.1826453
1225,-0.01412007,-0.21144345
1226,-0.24134469,0.017209444
1227,-0.2387654,-0.1985849
1228,-0.3471195,0.028275436
1229,-0.53495973,-0.07644248
1230,-0.16606207,-0.024531944
1231,-0.42670667,0.09220082
1232,-0.4877204,0.06943839
1233,0.040288385,-0.1641263
1234,-0.4297661,0.14771703
1235,-0.5086333,0.2818611
1236,-0.47575974,0.07064073
1237,-0.08646996,0.008511227
1238,-0.48524886,-0.048692316
1239,-0.3716588,0.0713045
1240,0.04366392,-0.24984899
1241,-0.55430347,-0.029819818
1242,-0.16999589,-0.02412857
1243,-0.24857882,-0.08769708
1244,-0.42976028,0.18138026
1245,-0.45595002,-0.044106733
1246,-0.5679706,0.10814047
1247,0.054122612,-0.22038294
1248,0.038650684,-0.20328102
1249,-0.33714366,0.020369325
1250,-0.03952659,-0.17897512
1251,-0.04691313,0.09259924
1252,-0.34937897,0.20096415
1253,-0.09616797,-0.1601637
1254,-0.5869507,0.07451129
1255,-0.5013296,0.09752058
1256,-0.63197356,0.079330996
1257,-0.2928931,-0.078086905
1258,-0.42866144,-0.013137409
1259,-0.14398538,-0.26631007
1260,-0.45286095,-0.04693239
1261,-0.37297377,0.04986316
1262,-0.5787609,0.09256719
1263,-0.3033205,-0.07330059
1264,-0.61615545,-0.0647036
1265,-0.30206954,-0.16453062
1266,-0.21984625,0.15768552
1267,-0.38862827,-0.03838583
1268,0.0690426,-0.27006137
1269,-0.28234062,-0.024767626
1270,-0.5957748,0.12568864
1271,-0.49274057,-0.16936933
1272,-0.39450935,0.13684282
1273,-0.28944165,0.1771433
1274,-0.14746253,-0.03216771
1275,-0.33144888,-0.09283945
1276,-0.2490603,-0.08707049
1277,-0.45500207,0.10909895
1278,-0.42147532,-0.0708199
1279,-0.2400259,0.05321028
1280,-0.13879316,-0.08421063
1281,-0.2989498,0.025956765
1282,-0.26851138,-0.11095871
1283,-0.109393656,-0.123514466
1284,-0.3948698,-0.043858785
1285,-0.3987694,0.16311057
1286,-0.36014226,0.0069856322
1287,-0.019965293,-0.27580425
1288,-0.421458,0.043353464
1289,-0.22303364,-0.004907511
1290,-0.38995424,0.040342458
1291,-0.3089333,0.31710917
1292,-0.30997935,-0.18289563
1293,-0.61399055,0.14065436
1294,-0.4025976,0.0663179
1295,-0.2053072,0.0072546336
1296,-0.22004636,-0.11282867
1297,-0.20940624,0.12164594
1298,-0.28305358,0.057689585
1299,-0.20940088,0.08829921
1300,-0.21821916,0.008037013
1301,-0.27356538,0.024222905
1302,-0.31837493,0.14336401
1303,-0.20809653,-0.07744198
1304,-0.22736473,-0.25614887
1305,-0.22048123,-0.2044773
1306,-0.20443559,-0.05812084
1307,-0.18973063,-0.124489464
1308,-0.19483042,-0.026751515
1309,-0.6646737,-0.030377002
1310,-0.083744384,-0.1823364
1311,-0.42261282,-0.2179099
1312,-0.36620995,-0.058457274
1313,-0.34112662,0.27204505
1314,-0.27123362,-0.13551286
1315,-0.25561684,-0.0416635
1316,-0.2837417,0.04772464
1317,0.014911438,-0.0995906
1318,-0.25809696,0.11760237
1319,-0.28937623,-0.29658103
1320,-0.30188382,-0.08807352
1321,-0.2592469,0.3391089
1322,-0.24779251,-0.29239124
1323,-0.28780794,0.08586188
1324,-0.32614306,0.093271166
1325,-0.41065982,0.09563174
1326,-0.1285943,-0.10945905
1327,-0.344273,-0.1101345
1328,-0.48071206,-0.07411769
1329,-0.2124788,0.036352698
1330,-0.3908725,0.04466813
1331,-0.2991483,-0.059847374
1332,-0.50732636,-0.13517252
1333,-0.4239371,0.13317688
1334,-0.37149096,-0.04640038
1335,-0.3906959,0.002739346
1336,-0.3757779,0.0065483786
1337,-0.29527652,-0.18447141
1338,-0.38525084,-0.27514428
1339,-0.24547128,-0.0028651264
1340,-0.41021603,-0.029310776
1341,-0.37583542,0.10168947
1342,-0.4140048,0.21739033
1343,-0.030864084,0.03175065
1344,-0.4028306,-0.08940148
1345,-0.47081184,0.14966455
1346,-0.29956737,-0.06548694
1347,-0.38923398,0.11170347
1348,-0.2654177,-0.30998924
1349,-0.16805035,0.08969214
1350,-0.5566766,-0.030921347
1351,-0.1616666,-0.083343856
1352,-0.6810492,0.08974809
1353,-0.44741595,0.0221578
1354,-0.4252154,0.20158166
1355,-0.017677028,-0.39812925
1356,-0.395574,-0.013592078
1357,-0.29756823,0.13527337
1358,-0.21690051,0.26135638
1359,-0.34355596,0.38456205
1360,-0.12999754,-0.053882767
1361,-0.32609966,-0.0465531
1362,-0.6036031,0.086617805
1363,-0.23760661,-0.17537679
1364,-0.3466075,-0.07162249
1365,-0.29064384,0.12366103
1366,-0.17797689,0.11182033
1367,-0.5914666,0.33550638
1368,-0.19646156,0.01369928
1369,-0.23616415,0.04647782
1370,-0.17465234,-0.106511794
1371,-0.2662335,0.13136747
1372,-0.44083425,0.02269015
1373,-0.13119583,-0.06507161
1374,-0.15873021,-0.16091672
1375,-0.40894783,-0.22833076
1376,-0.28254816,0.14955303
1377,-0.38826087,-0.13009174
1378,-0.28184056,-0.10775384
1379,-0.38384473,0.092100054
1380,0.021265471,-0.07353425
1381,-0.36491612,-0.12894218
1382,-0.35432458,0.08199936
1383,-0.48888358,0.22295192
1384,-0.27847826,-0.03314112
1385,-0.2063593,-0.2943782
1386,-0.49219528,-0.070234515
1387,-0.43383437,0.30745363
1388,0.084341444,-0.19485427
1389,-0.20685107,0.10106013
1390,-0.44943735,0.075469926
1391,-0.5443586,0.02737257
1392,-0.38162783,-0.044763707
1393,-0.08296221,-0.07355457
1394,-0.15536293,-0.08284477
1395,-0.073470816,0.1697818
1396,-0.54446286,0.13178214
1397,-0.14205416,0.013937724
1398,-0.38771248,0.08873442
1399,-0.4534889,0.4878706
1400,-0.24360572,-0.10311187
1401,-0.35012,0.07189147
1402,-0.038601164,-0.050719574
1403,-0.25015128,0.13807197
1404,-0.19359432,-0.021586826
1405,-0.60261375,-0.027811388
1406,-0.12849392,0.032023594
1407,-0.38674292,0.30343747
1408,-0.35620248,0.10341718
1409,-0.698367,0.15919733
1410,-0.25429034,0.13111074
1411,-0.27996597,-0.07212476
1412,-0.4010889,0.10335722
1413,-0.21456377,-0.3381585
1414,-0.17023334,0.13639534
1415,-0.007910342,-0.31061125
1416,-0.22563595,0.08480501
1417,-0.29232332,0.17157608
1418,-0.4596488,-0.0015907907
1419,-0.386741,0.07634285
1420,-0.50032324,0.103491865
1421,-0.21202011,-0.40185392
1422,-0.29638577,0.021336488
1423,-0.25404662,-0.028375912
1424,-0.4056442,0.08488148
1425,-0.32740882,-0.13646032
1426,-0.12872584,-0.14646612
1427,-0.09531194,-0.019978672
1428,-0.14805377,0.09143074
1429,-0.432665,-0.031244649
1430,-0.32434675,-0.1542206
1431,-0.2786493,-0.16749674
1432,-0.28266525,0.20413311
1433,-0.41891995,0.16877428
1434,-0.31809548,-0.15403855
1435,-0.37999874,0.030846203
1436,-0.46533203,0.069085956
1437,-0.2585016,0.1891897
1438,-0.31565067,0.10990407
1439,-0.36793056,0.18291639
1440,-0.30574557,0.08121901
1441,-0.28024486,-0.005255929
1442,-0.51288867,0.09992661
1443,-0.19910613,0.06755359
1444,-0.21774828,-0.1883515
1445,-0.33234206,-0.12640673
1446,-0.1324694,-0.05179518
1447,-0.4094306,0.21496463
1448,-0.41863233,0.13365561
1449,-0.30801278,-0.14841315
1450,-0.29985845,0.091841474
1451,-0.15789531,-0.26476607
1452,-0.2100272,0.05809786
1453,-0.31757563,0.064140774
1454,-0.3737061,-0.10003163
1455,-0.36338368,-0.09112748
1456,-0.3845013,0.35839128
1457,-0.31399363,0.14952606
1458,-0.18829745,0.07785025
1459,-0.30984694,-0.02999353
1460,-0.54837984,0.11152889
1461,-0.30586052,-0.06913957
1462,-0.6467809,0.20181358
1463,-0.16875824,-0.316837
1464,-0.019682059,-0.032675825
1465,-0.1384196,-0.062342748
1466,-0.28646255,0.08457658
1467,-0.26462826,-0.016659927
1468,-0.48872277,-0.18146184
1469,0.008867755,-0.36952907
1470,-0.5028196,0.1487818
1471,-0.45234683,0.39048457
1472,-0.14969985,0.13595152
1473,-0.3947347,0.11345559
1474,-0.5064553,0.09752663
1475,-0.45148963,0.049387638
1476,-0.23947726,-0.22639392
1477,-0.4108576,0.292619
1478,-0.2990899,-0.21305847
1479,-0.46593282,0.012243106
1480,-0.43234134,-0.1253568
1481,-0.29852855,-0.17268908
1482,-0.18869448,-0.13830109
1483,-0.5014251,0.09206068
1484,-0.17704676,0.048944045
1485,-0.47215542,0.07678353
1486,-0.24495675,0.021540022
1487,-0.21632148,-0.21809854
1488,-0.531797,0.07237346
1489,-0.055928458,-0.10229513
1490,-0.40525264,-0.0834691
1491,-0.38160416,-0.056990165
1492,-0.15844938,0.16293515
1493,-0.41381416,0.06313216
1494,-0.20212021,0.05276546
1495,-0.56299925,-0.23611875
1496,-0.5416667,-0.02227763
1497,-0.35811928,-0.06881615
1498,-0.31514975,0.03721002
1499,-0.4281422,0.005320025
1500,-0.197903,0.22272019
1501,-0.5589044,0.024621202
1502,-0.66616374,0.29235592
1503,-0.11904974,-0.077347815
1504,-0.32183167,-0.07381912
1505,-0.44012126,-0.017503355
1506,-0.33692387,0.040229674
1507,-0.14278024,0.21253483
1508,-0.3436969,0.05932202
1509,-0.38314652,-0.18876083
1510,0.068311796,-0.19519073
1511,-0.48465633,0.03457
1512,-0.24204227,-0.28390604
1513,-0.23657477,-0.10649578
1514,-0.16808446,-0.23414098
1515,-0.3088537,-0.060476303
1516,-0.38539362,-0.16182257
1517,-0.40431702,-0.011221406
1518,-0.27653524,-0.1936134
1519,-0.41253835,-0.1917392
1520,-0.32639256,0.17657271
1521,-0.1764625,0.11550736
1522,-0.30376604,-0.0038188596
1523,-0.065768644,-0.1473038
1524,-0.29584372,-0.14877623
1525,-0.31576544,0.118901685
1526,-0.20329538,-0.13433895
1527,-0.16255909,0.044245303
1528,-0.3880761,0.016411835
1529,-0.46790785,-0.13348244
1530,-0.18851095,-0.00062420376
1531,-0.56995964,0.12978247
1532,-0.29424605,-0.13901831
1533,-0.31966048,-0.03908327
1534,-0.34017783,-0.27147982
1535,-0.3991797,0.2080936
1536,-0.34276992,-0.12772453
1537,-0.28583127,-0.2489647
1538,-0.042829536,-0.059185434
1539,-0.11356172,-0.17176479
1540,-0.24478295,0.13812752
1541,-0.16838166,-0.1623223
1542,-0.26455852,0.006431721
1543,-0.47970957,0.11688335
1544,-0.29259738,-0.23970488
1545,-0.3450181,-0.05113115
1546,-0.55388945,-0.061816417
1547,-0.27504662,0.16638115
1548,-0.22117858,0.1700239
1549,-0.3206358,-0.16027004
1550,-0.38435963,-0.14966486
1551,-0.21810973,0.15478107
1552,-0.43620503,-0.11127987
1553,-0.39195448,-0.12694371
1554,-0.36869276,0.3232393
1555,-0.33920327,-0.12034054
1556,-0.30417478,0.103246816
1557,-0.044296905,-0.2240868
1558,-0.27897143,0.1736071
1559,-0.38234285,0.2458321
1560,-0.32808426,-0.12181432
1561,-0.22755215,-0.24359271
1562,-0.48229867,0.0904854
1563,0.05797576,-0.25060505
1564,-0.4303838,-0.06382219
1565,-0.16205634,-0.10490414
1566,-0.26380405,-0.13223633
1567,-0.24687599,0.012002421
1568,-0.106649004,-0.12490185
1569,-0.2444121,-0.20450585
1570,-0.62305516,0.23219204
1571,-0.17302185,-0.091763325
1572,-0.2026831,-0.08302139
1573,-0.43033943,0.26821277
1574,-0.4473033,0.046348225
1575,-0.25830477,0.1542132
1576,0.04305976,-0.08326934
1577,-0.23902093,-0.103410654
1578,-0.43341196,-0.006650934
1579,-0.18331121,-0.01796747
1580,-0.26863134,0.010684738
1581,-0.18718527,-0.03864841
1582,-0.10549514,-0.006907758
1583,-0.30004194,0.003624902
1584,-0.24707223,0.151945
1585,-0.31827712,-0.026456378
1586,-0.25590596,0.10987135
1587,-0.2926332,-0.12603542
1588,-0.4109074,-0.01763265
1589,-0.26135194,0.013328218
1590,-0.36210895,-0.023169657
1591,-0.31583345,-0.019038621
1592,-0.20284334,-0.23500372
1593,-0.5706575,0.13146056
1594,-0.11203071,-0.20614004
1595,-0.03510887,-0.0016466602
1596,-0.19900002,-0.19115981
1597,-0.4555647,0.1342564
1598,-0.6637624,0.20653039
1599,-0.50758034,0.13254929
1600,-0.18681234,0.038056877
1601,-0.6226721,0.01890986
1602,-0.11447551,0.014887685
1603,-0.36014667,0.16996019
1604,-0.41073963,0.004840005
1605,-0.41736016,-0.006678986
1606,-0.321115,0.021456616
1607,-0.31647483,0.13774712
1608,-0.5753842,-0.13328531
1609,-0.355127,0.15935728
1610,-0.13751455,0.13065675
1611,-0.3933479,0.14261621
1612,-0.119427994,-0.019977339
1613,-0.31159008,-0.020845534
1614,-0.2744988,0.040884487
1615,-0.42668715,0.005504423
1616,-0.17082208,-0.16474438
1617,-0.14978659,-0.032435115
1618,-0.28572944,0.1640258
1619,-0.22316916,-0.0635702
1620,-0.46589446,-0.08541651
1621,-0.26797268,0.080602504
1622,-0.6388184,0.15366493
1623,-0.056704108,-0.31856355
1624,-0.48667467,0.21747789
1625,-0.35398725,-0.2014401
1626,-0.32409924,-0.21117051
1627,-0.28939062,-0.20086278
1628,-0.26303923,0.05356051
1629,-0.43992656,-0.32235456
1630,-0.106393896,-0.051695142
1631,-0.1526741,0.035768844
1632,-0.27225304,-0.067969784
1633,-0.09285158,-0.056890666
1634,-0.2247348,0.09310938
1635,-0.23166867,-0.19045389
1636,-0.40935493,0.21482608
1637,-0.22405733,-0.019235687
1638,-0.09929165,0.16135374
1639,-0.19951054,-0.11858215
1640,-0.35688716,0.036381993
1641,-0.048258368,-0.04961386
1642,-0.6909023,0.03377908
1643,-0.4226324,-0.17676991
1644,-0.3065722,-0.011342082
1645,-0.10923815,-0.07868062
1646,-0.33649457,-0.0025274917
1647,-0.7874958,-0.059855603
1648,-0.27975404,-0.03202981
1649,-0.5244193,-0.036095295
1650,0.01925947,-0.12675723
1651,-0.45212784,0.016981713
1652,-0.20168927,-0.25875163
1653,-0.17535314,0.20293285
1654,-0.3248287,-0.14268047
1655,-0.23931757,-0.12823841
1656,-0.25522482,0.047602654
1657,-0.357935,0.02070295
1658,-0.45314768,0.03862386
1659,-0.13945955,0.29945642
1660,-0.37931332,-0.04992629
1661,-0.42665443,-0.050357353
1662,-0.29733425,-0.017374849
1663,-0.40696338,-0.109680615
1664,-0.21525723,-0.40891016
1665,-0.31702152,-0.13815378
1666,-0.2856966,0.090662025
1667,-0.41197863,0.036754813
1668,-0.31270063,-0.08593599
1669,-0.32464203,0.08571183
1670,-0.5099905,0.15078272
1671,-0.50418633,-0.1508409
1672,-0.35262376,0.026575774
1673,-0.4722972,0.040157393
1674,-0.29009703,-0.073499255
1675,-0.41401657,-0.009845641
1676,-0.20355052,-0.16390912
1677,-0.27144033,0.04717845
1678,-0.2562712,0.123978786
1679,-0.7239218,0.18756662
1680,0.04676933,-0.12596434
1681,-0.2622146,-0.14670454
1682,0.023807129,0.056692325
1683,-0.4295417,0.0010247595
1684,-0.0004285656,-0.12978208
1685,-0.5810533,0.24705037
1686,-0.017428922,-0.14306031
1687,-0.20765571,-0.007282699
1688,-0.44050357,-0.04421377
1689,-0.5183471,0.10067681
1690,-0.35772517,0.17991656
1691,-0.22710764,-0.04394706
1692,-0.3948236,-0.09718234
1693,-0.07452102,-0.13966922
1694,-0.27539366,0.1861072
1695,-0.06365567,-0.11391201
1696,-0.15325594,0.0370852
1697,-0.2549476,0.092742644
1698,-0.09409924,-0.18405585
1699,-0.46391135,0.14003207
1700,-0.35854834,0.08937899
1701,-0.22096281,0.008760126
1702,-0.3143471,-0.14550051
1703,-0.3342496,0.042129826
1704,-0.40566096,0.011584819
1705,-0.40749198,0.054967422
1706,-0.51248646,0.2002476
1707,-0.38655964,-0.14384523
1708,-0.31689972,-0.00057542056
1709,-0.44191495,-0.13169515
1710,-0.4384392,0.16060644
1711,-0.21456969,-0.019385248
1712,-0.40175837,-0.17947975
1713,-0.51301396,-0.06944102
1714,-0.19157828,-0.13400462
1715,-0.3418475,-0.077430375
1716,-0.38630855,-0.08741742
1717,-0.25703463,-0.18488683
1718,-0.3569648,-0.12278713
1719,-0.3154549,-0.07307203
1720,-0.10552728,0.05029996
1721,-0.19206423,0.009205135
1722,-0.39048406,0.05252282
1723,-0.24256173,0.23716198
1724,-0.17757784,-0.12874852
1725,-0.4632928,-0.2607669
1726,-0.45398903,-0.008284965
1727,-0.44023296,0.14140145
1728,-0.114493266,-0.32437736
1729,-0.33707303,-0.043426145
1730,-0.35147622,0.13487919
1731,-0.59767187,0.055040475
1732,-0.21898971,-0.20766573
1733,-0.21165271,-0.27983555
1734,-0.012272121,-0.09572772
1735,-0.45625052,-0.08461498
1736,-0.5074197,-0.055307638
1737,-0.1967414,-0.02989523
1738,-0.031810082,-0.2355719
1739,-0.41860935,0.054124154
1740,-0.4461539,0.10878567
1741,-0.5305506,-0.073933885
1742,-0.3317897,-0.023586739
1743,-0.24201676,0.028926376
1744,-0.3266307,-0.07673219
1745,-0.3231225,0.054917924
1746,-0.3325513,0.18824251
1747,0.16979268,-0.40576023
1748,-0.28018215,-0.10071498
1749,-0.43609282,-0.106170915
1750,0.009222213,-0.54171866
1751,0.07118383,-0.07372532
1752,-0.32327706,0.060384754
1753,-0.34269932,0.1286281
1754,-0.35091048,-0.100757256
1755,-0.23656364,-0.053090926
1756,-0.39575493,0.01378466
1757,-0.32055417,0.06106056
1758,-0.4859929,0.012080662
1759,-0.22230615,0.0076377257
1760,-0.34828869,0.019243715
1761,-0.18159744,-0.08586349
1762,-0.19999826,0.0590774
1763,-0.27952,-0.23664312
1764,-0.23139705,-0.25685346
1765,-0.17165057,-0.025295936
1766,-0.3455494,0.13466872
1767,-0.44447047,-0.04416729
1768,-0.36270648,0.13910843
1769,-0.40959027,-0.045510963
1770,0.0052713286,-0.21077554
1771,-0.54240847,0.06525174
1772,-0.34989962,-0.08558246
1773,-0.24018744,-0.11958215
1774,-0.29243016,0.12048359
1775,-0.16198726,-0.027216762
1776,-0.2627863,-0.16164574
1777,-0.23842806,-0.03077252
1778,-0.57988805,0.1886074
1779,-0.22973146,-0.111324176
1780,-0.129597,0.055719014
1781,-0.13054116,-0.07502049
1782,-0.40848634,0.028030198
1783,-0.19674556,-0.0709187
1784,-0.17935793,0.19296046
1785,-0.29585946,-0.21883018
1786,-0.4767301,-0.018419845
1787,-0.32790196,0.07526432
1788,-0.5470783,-0.0074086552
1789,-0.04740124,-0.15367994
1790,-0.5076238,0.08863694
1791,-0.29991996,0.0607761
1792,-0.57946944,0.05310558
1793,-0.0008949553,0.062131424
1794,-0.3152697,-0.24519056
1795,-0.49188206,0.096639246
1796,-0.50426126,-0.106813505
1797,-0.29575753,0.08499567
1798,-0.013224221,-0.2315264
1799,-0.2064801,-0.03393893
1800,-0.39708105,0.22620167
1801,-0.5137521,0.15262069
1802,-0.1285457,-0.04483736
1803,-0.3427262,0.36718905
1804,-0.20290563,0.22389895
1805,-0.18727578,0.07574793
1806,-0.4947479,0.16858289
1807,-0.26923344,0.09502613
1808,-0.45513466,-0.13704418
1809,-0.41010493,-0.09962138
1810,-0.0070405267,-0.16744085
1811,-0.531124,-0.03986701
1812,-0.45775655,0.014316173
1813,-0.12129302,-0.124728456
1814,-0.1987399,0.21751504
1815,-0.22066358,-0.08817713
1816,-0.2737891,-0.05496167
1817,-0.23556498,0.052521147
1818,-0.388028,0.1273897
1819,-0.23499516,-0.028782673
1820,-0.3390925,-0.10045679
1821,-0.5582072,-0.03957456
1822,-0.07913125,-0.19481136
1823,-0.16149339,0.2066526
1824,0.06583909,-0.30961397
1825,-0.44228363,-0.1088561
1826,-0.16556984,-0.0017475703
1827,-0.2962261,0.05213376
1828,-0.4132096,0.25419122
1829,-0.57781756,0.18794487
1830,-0.15679577,-0.319293
1831,-0.081071444,-0.22269766
1832,-0.32541576,-0.11774512
1833,-0.43495974,0.04676439
1834,-0.31648165,0.22228959
1835,-0.6238569,0.092986755
1836,-0.26415387,0.17530377
1837,-0.27928787,-0.14688472
1838,-0.15166408,-0.03287133
1839,-0.10137537,-0.18311775
1840,-0.4567495,-0.052072663
1841,-0.44110283,0.10017885
1842,-0.20441708,0.025520321
1843,-0.17819238,-0.11786609
1844,-0.09067926,-0.23408967
1845,-0.33362946,0.10109421
1846,-0.39862937,-0.0009023577
1847,-0.24701379,0.007191701
1848,-0.30081373,0.0041487426
1849,-0.10386443,-0.03283799
1850,-0.5104716,0.2066941
1851,-0.38260427,0.1748716
1852,-0.5502879,0.07561018
1853,-0.26191863,0.17058574
1854,-0.19760737,0.124359764
1855,-0.31531107,0.2850198
1856,-0.25826606,0.00270972
1857,-0.26769105,0.0032552476
1858,-0.25484577,-0.068829335
1859,-0.51825184,0.18854532
1860,-0.26761335,-0.1802848
1861,-0.23086552,0.16801833
1862,-0.0928923,-0.24681212
1863,-0.045736756,0.000871458
1864,-0.34353375,-0.038244158
1865,-0.5401807,-0.06507661
1866,-0.23129264,0.18663888
1867,-0.12299932,-0.11408151
1868,-0.46449026,-0.06677283
1869,-0.15771358,-0.04141289
1870,-0.20916176,-0.05676332
1871,-0.156617,-0.13999273
1872,-0.33526835,-0.12329826
1873,-0.18978283,0.12050868
1874,-0.49513924,-0.05014376
1875,-0.34153187,-0.05110669
1876,-0.5086079,-0.07143879
1877,-0.5533273,-0.1805076
1878,-0.3212449,0.12282728
1879,-0.20647392,-0.21040846
1880,-0.15888183,0.073298946
1881,-0.42064503,0.14685673
1882,-0.4423443,0.05007743
1883,-0.14449358,-0.18231389
1884,-0.21276337,-0.2696675
1885,-0.11573635,-0.21607186
1886,-0.22383925,-0.27866688
1887,-0.27967188,0.15485106
1888,-0.3945003,-0.14178085
1889,-0.2744108,0.037641093
1890,-0.13405854,-0.15384299
1891,-0.47533736,-0.01710376
1892,-0.37981126,0.061318424
1893,-0.37125632,0.048834156
1894,-0.080421045,-0.06297057
1895,-0.035758507,-0.094844446
1896,-0.27965695,-0.024355346
1897,-0.5762291,-0.09919512
1898,-0.17144059,0.06852596
1899,-0.066055536,0.032501243
1900,-0.5973154,0.050901193
1901,-0.41534558,0.14906633
1902,-0.4324024,0.08653828
1903,-0.2937106,-0.28907788
1904,-0.04564822,-0.15728764
1905,-0.32424676,-0.053738713
1906,-0.48192647,0.13720529
1907,-0.56607753,0.035351224
1908,-0.31005988,0.22961332
1909,-0.47068328,0.18632755
1910,-0.43342525,0.20795561
1911,-0.527813,-0.18628739
1912,-0.7090053,0.06951723
1913,-0.23381066,-0.09599477
1914,-0.16756512,-0.033189587
1915,-0.21325119,-0.10445153
1916,-0.5548412,0.08505801
1917,-0.3882769,0.05070672
1918,-0.13849224,-0.08985972
1919,-0.4598231,0.35488158
1920,-0.2854015,0.07295345
1921,-0.15346608,0.1228889
1922,-0.48657972,-0.23422016
1923,-0.2341982,-0.00055002276
1924,-0.70533144,0.51648986
1925,-0.36065766,-0.055036433
1926,-0.17645408,-0.20215026
1927,-0.3866746,0.22049114
1928,-0.20113175,0.04312773
1929,-0.27176413,-0.20660031
1930,-0.42059126,-0.012985652
1931,-0.31875858,0.06668093
1932,-0.29635164,-0.10435389
1933,0.005038358,-0.033356328
1934,-0.30486724,0.013561902
1935,-0.29859334,0.14307757
1936,-0.14677748,0.004278365
1937,0.07125877,-0.13172005
1938,-0.24155277,0.13859281
1939,-0.24465692,0.026569275
1940,-0.49162835,0.027387943
1941,-0.22910823,-0.013676761
1942,0.03588957,-0.2517239
1943,-0.3452934,-0.061812468
1944,-0.3741437,0.003681103
1945,-0.3852939,-0.086658314
1946,-0.24488758,-0.28467852
1947,-0.14154164,-0.17226021
1948,-0.6480231,0.050146364
1949,-0.2554635,-0.10304465
1950,-0.020580016,0.0143705495
1951,-0.80741507,0.28197423
1952,-0.3858267,-0.085022196
1953,-0.6709724,0.020777816
1954,-0.07868559,-0.093941934
1955,0.09973582,-0.122401334
1956,-0.34759772,0.059115876
1957,-0.41745475,0.14664496
1958,-0.38068232,0.17279162
1959,-0.3354481,0.088800475
1960,-0.36045352,0.07005086
1961,-0.4642992,0.1523915
1962,-0.4895923,0.22770454
1963,-0.4112107,0.22724533
1964,-0.18956423,0.003586097
1965,-0.15549259,-0.11141261
1966,-0.16633636,0.15271619
1967,-0.113487266,-0.22905062
1968,-0.32533535,0.05080367
1969,-0.53457725,0.26533237
1970,-0.05691475,-0.08472589
1971,-0.55383646,-0.22633918
1972,-0.25439635,-0.23206604
1973,-0.20360851,-0.26058012
1974,-0.51115286,-0.17978871
1975,-0.31493866,0.120397456
1976,-0.03502714,-0.073545404
1977,-0.38772398,-0.19006325
1978,-0.2485749,0.048770186
1979,-0.23657131,0.027146095
1980,-0.6466328,0.10419061
1981,-0.4002938,0.058363397
1982,-0.41276312,0.3040186
1983,-0.06153598,0.012014851
1984,-0.38840666,0.28186822
1985,-0.32056063,-0.11094571
1986,-0.039069284,-0.10264711
1987,-0.49925864,0.1528634
1988,-0.31251356,-0.077546515
1989,-0.25798342,-0.08832379
1990,-0.05553157,-0.15216777
1991,-0.27131382,-0.18043232
1992,-0.028498074,-0.055207856
1993,-0.24527489,-0.019946381
1994,0.09749935,-0.3537278
1995,-0.45008317,0.010960235
1996,-0.156355,-0.037397444
1997,-0.15906647,0.13054517
1998,-0.15047188,-0.17306039
1999,-0.2284115,0.18347901
