,0,1,2,3
0,-0.26955134,-0.96087205,0.5425588,0.17808193
1,-0.053890325,-1.1066732,0.43431047,0.12787321
2,-0.25622484,-0.721765,0.42797476,0.18485202
3,-0.194016,-0.70247084,0.4296032,0.14270942
4,-0.24113737,-1.0245895,0.49411803,0.13757056
5,-0.21653758,-0.87793607,0.51650214,0.15222706
6,-0.31520993,-0.71726817,0.45910847,0.17484692
7,-0.19093807,-1.0290701,0.5377467,0.11904498
8,-0.11265175,-0.82134867,0.4387303,0.11263036
9,-0.19222638,-0.99125683,0.49829665,0.16458769
10,-0.27627426,-1.0653067,0.477178,0.24586378
11,-0.12038475,-0.8436211,0.4256296,0.14197066
12,-0.08726798,-0.9944299,0.428672,0.14554785
13,-0.27710608,-0.8272949,0.495769,0.152595
14,-0.29077992,-0.864691,0.5233321,0.18043898
15,-0.28028467,-0.62766933,0.40704924,0.21442734
16,-0.26031086,-0.86502653,0.5137005,0.17447402
17,-0.0075315833,-0.7471767,0.30563292,0.18253306
18,-0.2464959,-0.8315574,0.4689879,0.18001877
19,-0.16653588,-0.8602008,0.44467136,0.12740475
20,-0.04719518,-0.8613393,0.43508828,0.06372072
21,-0.25924876,-0.80785394,0.46529642,0.18867047
22,-0.21028878,-0.9782667,0.5450812,0.18397474
23,-0.2067308,-1.0554479,0.46300542,0.20530935
24,-0.14230962,-0.99784225,0.42341915,0.20218189
25,-0.27005816,-0.9605904,0.5046016,0.19765902
26,-0.08526586,-1.0159117,0.445958,0.159437
27,-0.19525178,-0.98021615,0.5124882,0.15217774
28,-0.07558614,-0.86621463,0.4351246,0.110168196
29,-0.15264177,-0.819545,0.4244749,0.17019805
30,-0.18862775,-0.9399612,0.4552661,0.18472853
31,-0.15259449,-0.85483867,0.39652798,0.15891169
32,-0.2989106,-0.9669087,0.5516352,0.16340616
33,-0.11206288,-0.7655996,0.44041726,0.074104145
34,-0.08492017,-0.794905,0.4145107,0.07757055
35,-0.21071933,-0.9842356,0.49699137,0.19408397
36,-0.14125901,-0.99127996,0.43884563,0.20240067
37,-0.11996761,-0.8372986,0.46817458,0.12640265
38,-0.25277138,-0.8806967,0.52718896,0.16088969
39,-0.030384978,-0.8313149,0.33174458,0.15846267
40,-0.21513161,-0.82500076,0.45518634,0.20534372
41,-0.41211784,-1.0807848,0.6275153,0.18972749
42,-0.35649118,-0.84886235,0.5243716,0.18715702
43,-0.42476267,-0.7350529,0.47645974,0.19503857
44,-0.38590768,-0.83953613,0.48168254,0.2533482
45,-0.24695711,-0.91180825,0.4885872,0.17056635
46,-0.09010071,-1.0376288,0.49673972,0.1082001
47,-0.10531684,-0.9308904,0.4544924,0.17520782
48,-0.18909085,-0.84424484,0.42500544,0.17343876
49,-0.4922341,-0.6890613,0.52748066,0.19039162
50,-0.20759948,-1.0594821,0.4848773,0.17663257
51,-0.2125078,-1.0221616,0.48148486,0.21373768
52,-0.02365868,-1.0192498,0.42354926,0.1433279
53,-0.33376974,-0.8665554,0.4909457,0.18952736
54,-0.19501613,-0.9828055,0.45567656,0.22972675
55,0.053280555,-1.1081281,0.43176436,0.10090887
56,-0.20187233,-0.880278,0.4441423,0.13746092
57,-0.1752179,-0.88156366,0.3951844,0.23823805
58,-0.29160526,-0.7200843,0.49709523,0.12375937
59,-0.24645405,-0.93511283,0.48814455,0.20640244
60,-0.17259958,-0.9928657,0.45713288,0.21891358
61,-0.16292673,-0.8398397,0.4164344,0.18074867
62,-0.32494408,-0.7688067,0.47237456,0.15592739
63,-0.29035544,-0.8698799,0.481909,0.20137528
64,-0.4308244,-0.8506658,0.5544751,0.17407924
65,-0.18886892,-0.8996013,0.48918414,0.14657684
66,-0.17882855,-0.9287054,0.43219355,0.16533287
67,-0.28263545,-0.68694097,0.44405088,0.14279372
68,-0.30536187,-0.8797819,0.46307096,0.19700883
69,-0.27336568,-0.94656795,0.49197292,0.1792103
70,-0.23666082,-0.7781423,0.4448703,0.17515372
71,-0.40374428,-0.76865566,0.48205236,0.23611031
72,-0.15878883,-0.9199677,0.41632363,0.15153052
73,-0.2760125,-0.9801103,0.50767267,0.22685511
74,-0.16510431,-0.9879701,0.49307275,0.15699638
75,-0.09308382,-0.8342974,0.4291704,0.11604455
76,-0.21849164,-0.7365869,0.4591735,0.08830399
77,-0.2646094,-0.66153836,0.47006938,0.13668662
78,-0.35417143,-0.7702699,0.46655256,0.20083046
79,-0.18488538,-0.9410918,0.5361516,0.13472986
80,-0.32942432,-0.7100696,0.4461679,0.16255169
81,-0.22849143,-0.84046465,0.42307237,0.18401381
82,-0.48995888,-0.5357465,0.4683753,0.20638143
83,0.004368917,-1.0192451,0.43471435,0.10866046
84,-0.12207115,-0.99681246,0.41134763,0.2005203
85,-0.06721538,-0.98448175,0.40093285,0.16868259
86,-0.2853349,-0.89431643,0.51349026,0.18846984
87,-0.19253078,-0.9678478,0.48712674,0.1632103
88,-0.13823229,-1.0755122,0.49715954,0.2040722
89,-0.21710719,-1.0034709,0.5208599,0.18663494
90,-0.18450704,-0.87464845,0.4867082,0.11645089
91,-0.22568162,-0.90327924,0.42217398,0.22320777
92,-0.109659046,-0.88626593,0.44609097,0.15715125
93,-0.13563848,-1.1015732,0.4990256,0.18613842
94,-0.3316067,-0.84221125,0.49534792,0.17513567
95,-0.27480906,-1.0038522,0.51418036,0.18489581
96,-0.20286898,-0.8897122,0.4369526,0.170409
97,-0.1560743,-0.9077236,0.43504757,0.14752619
98,-0.23790035,-0.9235544,0.52784467,0.13675465
99,-0.24929197,-0.91354203,0.44400477,0.1730677
100,-0.1353877,-0.9946184,0.39699414,0.23380455
101,-0.08693032,-1.0641245,0.4225023,0.17582388
102,-0.38650775,-0.81720483,0.47256118,0.25385702
103,-0.1701339,-0.7960243,0.430023,0.14516027
104,-0.010944052,-0.9859581,0.36264572,0.16959016
105,-0.14400108,-1.0995483,0.5114402,0.14036842
106,-0.37779745,-0.789199,0.49967393,0.19353147
107,-0.17594393,-0.8441593,0.4622393,0.18398383
108,-0.1914658,-0.9030434,0.5051419,0.113418765
109,-0.18390796,-0.7769002,0.4527214,0.15361762
110,-0.28205448,-0.93152547,0.50603485,0.19159918
111,-0.321495,-0.80216944,0.56986815,0.15628204
112,-0.23590423,-0.85438615,0.5110944,0.17564537
113,-0.19950868,-0.9507725,0.4734719,0.16589807
114,-0.30175138,-0.9116893,0.54151314,0.18604034
115,-0.2713101,-0.95217085,0.46444842,0.17278226
116,-0.15666547,-0.9395337,0.40195924,0.19841698
117,-0.1973959,-0.9527375,0.5048495,0.15187399
118,-0.2230276,-0.9029401,0.47045758,0.19097929
119,-0.18581547,-0.7983897,0.34208032,0.233694
120,-0.20382683,-0.9486094,0.4525776,0.15495063
121,-0.26143512,-0.9964712,0.5605024,0.14599705
122,-0.046235174,-1.0685667,0.45082235,0.13102998
123,-0.06800757,-0.98324,0.43892467,0.1631485
124,-0.3568522,-0.795327,0.51341206,0.18334025
125,-0.27186722,-0.8726043,0.47620842,0.18504055
126,-0.48950815,-0.6969085,0.5012121,0.259149
127,-0.14594096,-0.95236474,0.42707843,0.15635495
128,-0.17551503,-1.0776905,0.51512975,0.15750101
129,-0.14384735,-0.9309176,0.46004483,0.16259052
130,-0.10368486,-0.8507238,0.43429837,0.11951803
131,-0.18576697,-0.9610879,0.43728462,0.19257675
132,-0.14340231,-0.9190837,0.4673477,0.13948517
133,-0.16189647,-1.079714,0.49923247,0.16484572
134,-0.25909913,-0.8149584,0.45413646,0.15271315
135,-0.21359012,-0.941255,0.46449512,0.17007858
136,-0.24093476,-0.6644677,0.4208787,0.1588216
137,-0.24285279,-0.9464656,0.47861502,0.20990688
138,-0.15607058,-0.9489929,0.5141425,0.12146048
139,-0.30303752,-0.8555217,0.48022506,0.20068376
140,-0.1551224,-0.8536723,0.43202767,0.14408883
141,-0.3354966,-0.7204078,0.46787634,0.15568934
142,-0.28877982,-0.8736097,0.4922523,0.19571394
143,-0.40688825,-0.8506517,0.53294754,0.21936002
144,-0.41323498,-0.7247269,0.4862225,0.22557834
145,-0.33809254,-0.99617237,0.56793195,0.14731002
146,-0.12961525,-0.8383951,0.38176435,0.16170153
147,-0.04060432,-0.9107625,0.42282745,0.11485308
148,0.0035481942,-0.9567271,0.45496675,0.09066824
149,-0.21175279,-0.7544955,0.45353064,0.12118181
150,-0.41924593,-0.9084739,0.5547507,0.20986517
151,-0.087741695,-0.8363494,0.38255525,0.10481603
152,-0.10552544,-0.9228332,0.46717831,0.08943403
153,-0.34329522,-0.7794254,0.5083758,0.15834987
154,-0.25250775,-0.87058645,0.4322337,0.2283749
155,-0.20514515,-0.93184644,0.43947297,0.19918002
156,-0.17169015,-0.9370224,0.46472538,0.20441742
157,-0.28396937,-0.7975838,0.4609219,0.19189477
158,-0.32752746,-0.92191327,0.45135668,0.28242406
159,-0.17709294,-0.9215436,0.4417091,0.1730326
160,-0.18685952,-1.0009544,0.4988734,0.11090214
161,-0.20626341,-0.7574464,0.4562685,0.13748759
162,-0.16409455,-1.0414858,0.48263082,0.13383181
163,0.0066496735,-0.93287325,0.39915347,0.10189582
164,-0.41567585,-0.7385685,0.50164616,0.17947473
165,-0.34969747,-0.69233805,0.5374841,0.1269599
166,-0.26285625,-1.0521322,0.5164115,0.20498882
167,-0.17954734,-1.0842125,0.4987349,0.20686516
168,-0.25848886,-0.9195785,0.46694368,0.18478714
169,-0.0638194,-1.0847914,0.46981987,0.14963551
170,-0.13090067,-0.9684109,0.4390756,0.14970557
171,-0.26333115,-1.032109,0.53505415,0.19153203
172,-0.17825739,-0.8715336,0.42577976,0.18666598
173,-0.20541382,-0.9648649,0.48669732,0.16487764
174,-0.2260865,-0.87051207,0.4437684,0.20980297
175,-0.1761074,-0.7874133,0.43090415,0.18968901
176,-0.22577298,-0.97564244,0.47451764,0.1373736
177,-0.37287822,-0.75207365,0.5110018,0.21360394
178,-0.2529039,-0.80746174,0.4271146,0.19478375
179,-0.14048594,-0.93413115,0.42635146,0.13572735
180,-0.22462763,-0.9702916,0.4934092,0.16443504
181,-0.1286297,-0.92650366,0.46935543,0.13425298
182,-0.11541268,-0.97029746,0.45335618,0.1596676
183,-0.29797035,-0.98189735,0.50664186,0.1693144
184,-0.35865358,-0.72963053,0.4763973,0.2081498
185,-0.21046737,-0.9325404,0.4746629,0.18681952
186,-0.22714339,-0.898657,0.4934054,0.13042901
187,-0.28698316,-0.9688588,0.51886016,0.25282305
188,-0.095684245,-1.0397348,0.44623572,0.12163027
189,-0.34832028,-0.7024739,0.48543578,0.16851929
190,-0.20117378,-0.95429826,0.46160957,0.15018122
191,-0.05050283,-0.8971678,0.40213218,0.10801829
192,-0.28122538,-0.9493031,0.51993287,0.17565821
193,-0.1736304,-0.833505,0.439908,0.17630535
194,-0.14535531,-1.0091244,0.47259706,0.13667826
195,-0.24342816,-0.914966,0.4592047,0.18539351
196,-0.28497764,-0.97867894,0.55931544,0.16260713
197,-0.08667084,-0.8544524,0.42548314,0.13012472
198,-0.053100158,-1.0457168,0.46982822,0.14470233
199,-0.29641253,-0.6186565,0.38946527,0.23447065
200,-0.108157806,-0.94100016,0.49814266,0.09896331
201,-0.39220363,-0.77706164,0.47944105,0.21643859
202,-0.23918709,-0.83266336,0.46273544,0.15401813
203,-0.21261731,-0.89088124,0.47487506,0.14334324
204,-0.22154622,-0.83565986,0.4328312,0.1716577
205,-0.3455654,-0.7151955,0.48463956,0.1646767
206,-0.23715709,-0.74302876,0.44507292,0.17983219
207,-0.13708594,-1.0871419,0.4428692,0.17667072
208,-0.25765863,-0.7343617,0.48864883,0.16833691
209,-0.29257637,-0.73759043,0.45449007,0.19421795
210,-0.27164644,-0.9380519,0.46981663,0.22975563
211,-0.23851095,-0.8551783,0.5099524,0.14301547
212,-0.25566533,-0.79678947,0.4923667,0.14225043
213,-0.26212925,-0.7077653,0.45769125,0.17630202
214,-0.057942808,-0.9586337,0.43290398,0.11559149
215,-0.15652582,-0.84576625,0.40693915,0.1662815
216,-0.24148796,-1.037579,0.48850116,0.22337559
217,-0.06982223,-1.0073266,0.45728815,0.107995905
218,-0.26664326,-0.79430866,0.49696925,0.14939283
219,-0.34023607,-0.748094,0.5256414,0.13601436
220,-0.060752366,-0.81444085,0.4386585,0.12839563
221,-0.1327898,-1.0469191,0.48357373,0.16951706
222,-0.21939708,-0.95293564,0.4968734,0.14613633
223,-0.1850326,-0.91481143,0.43676266,0.20659277
224,-0.2843582,-0.7548762,0.46782932,0.18583743
225,-0.1648585,-0.9396359,0.48194742,0.14575961
226,-0.29062235,-0.6846967,0.45015642,0.19310986
227,-0.2921187,-0.85936993,0.51981276,0.14191979
228,-0.2681815,-0.88267326,0.51063687,0.1771075
229,-0.31481257,-0.85526276,0.4432213,0.22456461
230,-0.32422057,-0.9264972,0.45910296,0.22554159
231,-0.07002815,-0.98872036,0.38173327,0.2089303
232,-0.1648325,-0.8889916,0.38638675,0.17142141
233,-0.15295172,-0.8335454,0.43653873,0.13883372
234,-0.29859853,-0.8812937,0.49006072,0.1950475
235,-0.1593872,-0.8875574,0.4756349,0.11132701
236,-0.22283351,-0.95191306,0.50258875,0.15923698
237,-0.23686892,-0.765501,0.4703519,0.19284523
238,-0.15969867,-0.8380733,0.4287486,0.17766923
239,-0.19615795,-1.1156688,0.51687473,0.172649
240,-0.28753346,-0.8817328,0.5025951,0.16405772
241,-0.24769525,-0.76567763,0.49316448,0.12964861
242,-0.26660883,-0.9095081,0.45821676,0.20180385
243,-0.21777807,-0.9567381,0.4921747,0.18152973
244,-0.15961246,-0.9318508,0.44970992,0.20046526
245,-0.112768106,-1.0175797,0.50825524,0.11493721
246,-0.36544627,-0.9276729,0.52722675,0.23639977
247,-0.37079573,-0.8757633,0.47463062,0.2221717
248,-0.15876162,-0.7438224,0.4421892,0.11210684
249,-0.35369885,-0.8889467,0.49207515,0.25406516
250,-0.27912572,-0.94411266,0.47425887,0.20028886
251,-0.2014267,-0.68302673,0.44111037,0.13174805
252,-0.14124392,-0.89452606,0.4216159,0.17443968
253,-0.14675723,-0.84936273,0.43850642,0.12628378
254,-0.20272152,-0.9835494,0.46541104,0.18505156
255,-0.29060593,-0.87938035,0.46038505,0.2289553
256,-0.22480673,-0.80944496,0.42677742,0.19202334
257,-0.1393573,-0.99592716,0.45786354,0.23007645
258,-0.13278979,-1.0288761,0.46316594,0.15901445
259,-0.18598562,-0.84103847,0.42631465,0.14662698
260,-0.38161296,-0.6730233,0.45291048,0.24285714
261,-0.29992405,-0.94698286,0.49964043,0.20711866
262,-0.23170681,-0.9924933,0.5510736,0.14934966
263,-0.16881567,-0.8373018,0.45856315,0.08631973
264,-0.1929744,-0.8947839,0.49415147,0.14165998
265,-0.24836326,-0.7846755,0.48796272,0.17234962
266,-0.13819684,-0.8994663,0.43008503,0.13437977
267,-0.20934209,-0.81802726,0.4183459,0.22389065
268,-0.3518185,-0.9813351,0.51671803,0.2477981
269,-0.33060503,-1.00259,0.5429813,0.15930128
270,-0.27270907,-0.9148727,0.5051883,0.16877025
271,-0.061559733,-0.82916963,0.3742342,0.16958795
272,-0.5110506,-0.888265,0.56428593,0.29954377
273,-0.21935312,-0.8089367,0.43469736,0.16716124
274,-0.3483044,-0.92841154,0.49517137,0.23768182
275,-0.24041228,-0.8117891,0.48241705,0.13306333
276,-0.23058587,-0.7892923,0.4342771,0.19172686
277,-0.29130346,-0.85907835,0.45664337,0.22094049
278,-0.19348568,-1.0206627,0.43049306,0.21992534
279,-0.31541854,-0.83210903,0.5089374,0.17341766
280,-0.0753423,-0.8977216,0.47686264,0.032444034
281,-0.20542578,-0.88134944,0.53415304,0.083533905
282,-0.303635,-0.9874183,0.49796355,0.2244511
283,-0.2718194,-0.7532843,0.42840526,0.16757564
284,-0.20259434,-0.8437883,0.46028545,0.16910817
285,-0.2220513,-0.93112344,0.50681055,0.15135685
286,-0.36406055,-0.88773113,0.52470815,0.19544536
287,-0.32255444,-1.0204227,0.48692486,0.18340445
288,-0.30668882,-1.1619942,0.5349066,0.22190224
289,-0.35215372,-0.8698892,0.43099228,0.2620763
290,-0.20368642,-1.1235356,0.53212875,0.19652995
291,-0.18017632,-0.83106166,0.46285748,0.12358177
292,-0.24655414,-0.92347103,0.53060365,0.15658495
293,-0.28023106,-0.982303,0.4563939,0.23095612
294,-0.24096242,-0.7398028,0.45113638,0.16373406
295,-0.25851455,-0.96442723,0.5338265,0.18423608
296,-0.11040464,-0.87692916,0.39231423,0.20955242
297,-0.18437874,-0.8405116,0.49409568,0.10242363
298,-0.13711739,-0.99007183,0.46586752,0.19353244
299,-0.15640529,-0.95447606,0.4655354,0.1964833
300,-0.19248657,-0.95301974,0.5301276,0.11537318
301,-0.19000454,-0.9169693,0.5074796,0.069914736
302,-0.16134219,-1.1846173,0.50826985,0.22780633
303,-0.25394323,-0.9872621,0.45024422,0.21629739
304,-0.11421019,-0.9211732,0.45299086,0.15340693
305,-0.20651019,-0.9352428,0.5142939,0.17060596
306,-0.22659618,-0.825237,0.4509074,0.15758194
307,-0.38979045,-0.89090484,0.48357704,0.26423797
308,-0.13845423,-0.903975,0.4611134,0.15003303
309,-0.30852085,-0.8073728,0.44229648,0.19899003
310,-0.06782482,-1.0511924,0.4977252,0.11644419
311,-0.16638635,-0.8048492,0.44799733,0.14179362
312,-0.27329278,-0.9117845,0.49306038,0.19433565
313,-0.13584127,-1.0730811,0.4720275,0.17134039
314,0.034938395,-1.1116114,0.42017558,0.15721783
315,-0.39599738,-0.770406,0.49009505,0.22705002
316,-0.33158085,-0.78979015,0.49656782,0.15448181
317,-0.21477032,-0.9686037,0.4619851,0.14415592
318,-0.24220549,-0.94431657,0.4911137,0.15956156
319,-0.091787726,-1.038817,0.4915756,0.08809873
320,-0.35942245,-0.9958165,0.4893026,0.26354098
321,-0.16918844,-0.84412175,0.4588097,0.16042218
322,-0.3034602,-0.95936364,0.4857326,0.22794543
323,-0.33984727,-0.63768846,0.4688914,0.1933522
324,-0.0771173,-1.0006521,0.43924525,0.14535892
325,-0.28326574,-0.96207905,0.48778388,0.176741
326,-0.17836043,-1.012956,0.44539103,0.21371764
327,-0.17581172,-0.9137102,0.47097707,0.17321077
328,-0.20460477,-1.0008847,0.46115047,0.23046435
329,-0.24138983,-0.83400613,0.46201575,0.19030187
330,-0.15420105,-0.95001143,0.44983172,0.13052255
331,-0.31503657,-0.9061126,0.47977105,0.21490392
332,-0.10933367,-0.9489538,0.40918657,0.17521395
333,-0.22198667,-0.70948124,0.40361923,0.20521629
334,-0.1948011,-0.7720372,0.4249756,0.17137478
335,-0.16869524,-0.94148946,0.45870355,0.16654381
336,-0.2150757,-0.90965456,0.49460873,0.16754508
337,-0.26862353,-0.89969665,0.45878634,0.20976073
338,-0.24990734,-0.8454352,0.49699515,0.17457788
339,-0.21651109,-0.912567,0.47588506,0.19396634
340,-0.32542983,-0.7507452,0.4888555,0.21700588
341,-0.16967304,-0.90563834,0.44327182,0.14769736
342,-0.12235863,-0.99488217,0.41715983,0.18681602
343,-0.30272648,-0.8451988,0.5479732,0.161609
344,-0.33206445,-0.9715062,0.53147286,0.22871225
345,-0.2917862,-0.6934829,0.4727395,0.17877564
346,-0.14029092,-0.9134512,0.45067558,0.17387386
347,-0.09391263,-0.8744636,0.42062014,0.14619905
348,-0.31566674,-0.72034734,0.47104996,0.15156484
349,-0.27002177,-0.97206146,0.54425913,0.15904385
350,-0.31893966,-0.9612829,0.53177565,0.19224402
351,0.0005025699,-1.0070208,0.3590361,0.1908446
352,-0.17684722,-0.936345,0.4321718,0.19925371
353,-0.3511997,-0.6054957,0.45197615,0.15436721
354,-0.22342347,-0.8824736,0.45938775,0.17210452
355,-0.030699667,-1.103301,0.46308893,0.18843253
356,-0.19191466,-0.8373141,0.4656851,0.15349734
357,-0.33645526,-0.91596746,0.5039155,0.20377995
358,-0.18972248,-1.0336808,0.4851018,0.25520742
359,-0.20396097,-0.7983314,0.4180699,0.17522395
360,-0.17453949,-0.9692304,0.44910318,0.17135079
361,-0.21240944,-0.9587391,0.4590088,0.21665941
362,-0.21221785,-0.941745,0.42972645,0.20515434
363,-0.28333983,-0.7322129,0.45777363,0.16541234
364,-0.2464705,-0.92253333,0.52919865,0.166228
365,-0.2977597,-0.90904576,0.5328875,0.18224378
366,-0.20935369,-0.8080659,0.47985247,0.11607925
367,-0.23946388,-0.90473723,0.53257954,0.10846369
368,-0.26479912,-0.86093104,0.52349377,0.14683034
369,-0.27883968,-0.9786847,0.47235897,0.22319941
370,-0.05717705,-0.8521825,0.38530082,0.12788415
371,-0.2928669,-0.890449,0.52974004,0.17259812
372,-0.0766064,-0.8956087,0.37814826,0.14841029
373,-0.38192713,-0.8239636,0.46204948,0.22672956
374,-0.27541447,-0.98544455,0.49747312,0.18082653
375,-0.27342442,-0.9195053,0.54674244,0.18586229
376,-0.25077447,-0.8665985,0.4056804,0.23447107
377,-0.21660751,-0.791763,0.47665843,0.14463612
378,-0.2253628,-0.9008583,0.43952343,0.14612512
379,-0.114379704,-0.76044905,0.38165295,0.21737762
380,-0.14238226,-0.6400417,0.38874266,0.13291416
381,-0.29165977,-0.9149504,0.501714,0.1958362
382,0.012488651,-1.147871,0.44984996,0.12617241
383,-0.33550623,-0.9770769,0.48357004,0.28782666
384,-0.21452093,-0.80677575,0.47415474,0.19755478
385,-0.17023133,-0.9406473,0.46060386,0.11982097
386,-0.25514957,-1.0560323,0.5358742,0.17929402
387,-0.2368994,-0.8343458,0.47422606,0.14871655
388,-0.10729722,-0.9428567,0.4251814,0.19405669
389,-0.16752973,-0.92748845,0.4950867,0.12784596
390,-0.14918089,-0.77829707,0.43663743,0.10885523
391,-0.23147184,-0.7962591,0.4466707,0.17819554
392,-0.27885747,-0.7333353,0.46375528,0.20386966
393,-0.17441358,-0.8791537,0.44822556,0.18663363
394,-0.27166745,-0.9161364,0.4204281,0.2437265
395,-0.2812022,-0.7011273,0.4633745,0.13470362
396,-0.27262694,-1.0128506,0.46115834,0.2336285
397,-0.3122391,-0.89833546,0.49250522,0.26426476
398,-0.25800672,-0.7838086,0.42514232,0.23378274
399,0.06367495,-0.8991122,0.3787432,0.062535234
400,-0.12009884,-0.9786593,0.47045344,0.13785022
401,-0.34523556,-0.91779196,0.5109668,0.20854972
402,-0.200942,-0.8059925,0.44013208,0.16462272
403,-0.19507147,-0.8334477,0.40843618,0.2165066
404,-0.24203205,-0.8294665,0.47945252,0.2043531
405,-0.23032324,-0.84780854,0.47837633,0.18966164
406,-0.113417074,-0.784718,0.45798954,0.11539586
407,-0.31864196,-0.89391166,0.4667173,0.21196105
408,-0.20726226,-0.8408724,0.4701538,0.16121778
409,-0.2525446,-0.9811026,0.5290134,0.13774256
410,-0.29618004,-0.75551116,0.4831347,0.160847
411,-0.23329568,-0.9167281,0.45052895,0.19848904
412,-0.39258242,-0.8101572,0.5144749,0.22534417
413,-0.17788447,-0.9936767,0.45601004,0.24611251
414,-0.34577754,-0.803574,0.526973,0.14070292
415,-0.26194254,-0.8562766,0.4765454,0.19784494
416,-0.2504887,-0.8637651,0.46546376,0.19389103
417,-0.25826406,-0.8444491,0.48827556,0.11553503
418,-0.1832057,-0.8252731,0.44648635,0.14168702
419,-0.2717749,-0.8262368,0.49671787,0.18963084
420,-0.03198948,-0.9926373,0.4757625,0.106678866
421,-0.26225245,-0.8349084,0.46937233,0.24010815
422,-0.22368234,-0.8799681,0.4765974,0.18142213
423,-0.17476064,-0.98055613,0.45874074,0.17820522
424,-0.20328091,-0.77305335,0.42730972,0.2196725
425,-0.14650878,-0.9853763,0.47480568,0.13472618
426,-0.41748837,-0.7821389,0.54247034,0.18624645
427,-0.19678617,-1.0633161,0.53214073,0.18548745
428,-0.31678194,-0.90456086,0.47625703,0.2516734
429,-0.26986703,-0.9451066,0.5069499,0.15430641
430,-0.17111716,-0.9153273,0.43986177,0.17535271
431,-0.27268723,-0.7595807,0.43410128,0.21567655
432,-0.12394727,-1.0136414,0.4441236,0.17063734
433,-0.14941552,-0.87311894,0.42981455,0.15658043
434,-0.11665101,-1.0310982,0.49764618,0.14837053
435,-0.3621412,-0.7641946,0.43376535,0.24773125
436,-0.30180627,-1.0359323,0.5687767,0.16086482
437,-0.014976548,-1.024877,0.43211114,0.13493118
438,-0.19777821,-0.8840808,0.38869736,0.2597305
439,-0.2896283,-0.983952,0.510201,0.2106036
440,-0.20295168,-0.89028764,0.41594145,0.21644105
441,-0.22448865,-0.7771274,0.45694682,0.13214944
442,-0.17406115,-0.9986661,0.48390135,0.16145696
443,-0.20088096,-0.740016,0.46568492,0.13366081
444,-0.29928377,-0.9609848,0.47520673,0.20553966
445,-0.14949708,-0.92507696,0.47086653,0.15246682
446,-0.31765276,-0.7148973,0.46247423,0.1955274
447,-0.29015988,-0.8842003,0.49603912,0.14402266
448,-0.17299359,-0.993676,0.4660325,0.19490544
449,-0.2721371,-0.8135371,0.45378911,0.20370497
450,-0.24895327,-0.865977,0.46142623,0.21938656
451,-0.2893037,-0.6615829,0.50950336,0.12054461
452,-0.35250252,-0.77830666,0.5101676,0.1801637
453,-0.14311914,-0.9198089,0.45120785,0.18503197
454,-0.18580659,-0.89426273,0.47274113,0.15001263
455,-0.17249225,-0.90079767,0.42714745,0.20647039
456,-0.11774869,-0.964263,0.46354055,0.15046278
457,-0.09909111,-0.9387187,0.42058378,0.15638469
458,-0.15982535,-1.0473473,0.4620654,0.14637518
459,-0.24446613,-0.8815226,0.47988993,0.16975676
460,-0.18441693,-0.88167727,0.41831905,0.209062
461,-0.3042117,-0.88557667,0.46994027,0.23973677
462,-0.24354483,-0.8815693,0.48162505,0.11035853
463,-0.15068156,-1.0386552,0.43970773,0.15029334
464,-0.19092,-1.0945694,0.51966256,0.19077632
465,-0.050647587,-1.1048121,0.4520923,0.19065055
466,-0.40709412,-0.9409346,0.5646066,0.18628162
467,-0.26131457,-0.9290033,0.5125113,0.12707247
468,-0.043793455,-0.95748925,0.44319493,0.086282425
469,-0.1058781,-0.9247731,0.43973824,0.18610136
470,-0.04769013,-0.9719782,0.43966687,0.14249678
471,-0.45103842,-0.78790617,0.5146941,0.2304011
472,-0.3269371,-0.896175,0.5000103,0.17422318
473,-0.119188614,-0.9276969,0.47119156,0.11243535
474,-0.23024328,-0.8038699,0.47459084,0.18948248
475,-0.3092543,-0.81788975,0.49760076,0.16094728
476,-0.20592321,-0.82754475,0.4859002,0.08582635
477,-0.25243676,-1.020522,0.49756044,0.19691087
478,-0.30408853,-1.0535914,0.49526814,0.2388508
479,-0.25025067,-0.9484348,0.5050259,0.19483013
480,-0.39150992,-0.92070204,0.5592324,0.16275778
481,-0.091609575,-1.0294541,0.44605988,0.16081645
482,-0.059762917,-0.8530245,0.4284261,0.10420239
483,-0.24084449,-1.0097883,0.523877,0.17588377
484,-0.3832744,-0.7112551,0.51881653,0.18091512
485,-0.25456545,-0.9718649,0.47506005,0.1852279
486,-0.15625966,-0.9979264,0.46290818,0.17868346
487,-0.19499998,-0.8707812,0.48857865,0.15411149
488,-0.5004258,-0.88368875,0.56605136,0.2256447
489,-0.18117617,-0.96880907,0.5070115,0.11296947
490,-0.28817892,-0.86557615,0.5076899,0.21738112
491,-0.0030092227,-1.0299774,0.44051072,0.11093312
492,-0.21251507,-0.77864033,0.4186738,0.18511263
493,-0.12423481,-0.9879,0.47401148,0.15710646
494,-0.20959269,-0.8493503,0.46813434,0.17610215
495,-0.16008054,-0.92751765,0.4679219,0.17417145
496,-0.23685125,-0.97029465,0.48880884,0.17246588
497,-0.211955,-0.7420199,0.39744458,0.17276394
498,-0.18193474,-0.8970281,0.4571043,0.15073472
499,-0.16521147,-0.86098653,0.5201318,0.04960085
500,-0.007930434,-0.98297197,0.4183971,0.097119965
501,-0.250993,-0.974076,0.4798263,0.19890065
502,-0.254721,-0.9280741,0.49200484,0.22946286
503,-0.17035288,-0.965179,0.43294632,0.23141193
504,-0.29776683,-0.75343734,0.4436547,0.19235371
505,-0.29097563,-1.0120083,0.5414124,0.19891608
506,-0.23687732,-0.93831944,0.49092978,0.18807471
507,-0.18724649,-0.9766206,0.48024678,0.14728397
508,-0.23198795,-0.8705673,0.48000127,0.15287767
509,-0.17499655,-0.9581353,0.47485065,0.16661076
510,-0.23199913,-0.8643165,0.421423,0.18840213
511,-0.07338155,-1.2186078,0.52102983,0.113368794
512,-0.20981628,-0.73210454,0.45790684,0.15297934
513,-0.13243143,-0.9891673,0.4681893,0.14208242
514,-0.13902329,-1.1047181,0.5247532,0.15162452
515,-0.101027235,-1.1072786,0.47028902,0.1715168
516,-0.33136314,-0.89782614,0.51795256,0.19086063
517,-0.25845397,-0.9008982,0.49059495,0.19719389
518,-0.2814803,-1.0907414,0.5511393,0.16023311
519,-0.28765538,-0.9834403,0.46500868,0.25364062
520,-0.3919656,-0.8674705,0.4730427,0.23301516
521,-0.10416364,-1.0158465,0.4616964,0.17287506
522,-0.31397626,-0.8395434,0.47658804,0.1519914
523,-0.17050305,-1.1406934,0.53076017,0.17108174
524,-0.22534081,-0.7745911,0.39910227,0.20733017
525,-0.09439641,-0.8997239,0.41805026,0.15814221
526,-0.1948551,-0.8216791,0.4450757,0.15181339
527,-0.19546407,-0.930405,0.49817634,0.13120982
528,-0.098796144,-0.8553148,0.39112943,0.18657011
529,-0.36204177,-0.95734954,0.49655023,0.27005008
530,-0.26692992,-0.8259806,0.46812227,0.17649579
531,-0.059315022,-0.92470527,0.4185146,0.16771917
532,-0.26126078,-0.937694,0.46529633,0.23622501
533,-0.18081997,-0.88406444,0.46353552,0.17745706
534,-0.20605421,-1.0345459,0.47852418,0.19012363
535,-0.1550563,-1.0494624,0.54054624,0.15213734
536,-0.27662158,-0.8677382,0.507744,0.18301016
537,-0.21460564,-0.9321453,0.48911357,0.2306933
538,-0.10345891,-1.1243223,0.46798632,0.15136401
539,-0.2580486,-0.9564739,0.44017357,0.20531328
540,-0.3188619,-0.8782121,0.53408915,0.16765866
541,-0.30519584,-0.8092357,0.46724683,0.21824197
542,-0.29925612,-0.9531489,0.48048025,0.25488895
543,-0.2059983,-0.8399169,0.447362,0.15216242
544,-0.45752707,-0.7144424,0.5042992,0.21856906
545,-0.30183592,-0.9453114,0.53400725,0.1648158
546,-0.019851023,-1.0068649,0.4635088,0.106045075
547,-0.27686965,-0.76090467,0.44046468,0.18978417
548,-0.34037134,-0.97867787,0.52783483,0.23208928
549,-0.18467197,-0.7787524,0.46266726,0.0935337
550,-0.13354975,-0.94634986,0.433748,0.19528082
551,-0.16678599,-0.86102736,0.37918186,0.21268587
552,-0.24094741,-0.86089975,0.437246,0.17249039
553,-0.22619963,-0.94303,0.48668957,0.16545425
554,-0.15139753,-0.85786766,0.40515387,0.16987756
555,-0.45228013,-0.8789621,0.5222821,0.21251334
556,-0.250909,-0.94086033,0.44599557,0.2599647
557,-0.25776145,-0.8388122,0.4652917,0.16247094
558,-0.14013976,-1.0859169,0.48573884,0.20113175
559,-0.2669482,-0.85971886,0.4674945,0.16217281
560,-0.22056226,-1.0630592,0.5077272,0.16570775
561,-0.36069304,-0.8000385,0.45635003,0.2079971
562,-0.33340266,-0.8197893,0.48130718,0.17247862
563,-0.17173946,-0.9636699,0.44407475,0.16304776
564,-0.30959433,-1.00045,0.49035424,0.24578123
565,-0.32572153,-1.0174452,0.58145505,0.18339717
566,-0.19910367,-0.9031841,0.49156395,0.17160885
567,-0.047641985,-0.98807424,0.4265751,0.11765198
568,-0.19638498,-0.8211627,0.46572134,0.15283741
569,-0.052940235,-0.9606014,0.4190346,0.16175875
570,-0.21032977,-0.88098603,0.45309538,0.19543153
571,0.028099386,-1.1355255,0.40451673,0.103000365
572,-0.18124346,-0.85190696,0.45546123,0.2184158
573,-0.27821097,-1.2069918,0.5794086,0.16414149
574,-0.13376683,-0.7407399,0.3831128,0.17530367
575,-0.3122978,-0.8176101,0.5094654,0.18205877
576,-0.27721292,-1.0501738,0.52954054,0.20524457
577,-0.35398045,-0.85786486,0.5137874,0.21235979
578,-0.16139941,-0.99781334,0.50244516,0.11678791
579,-0.34084257,-0.7935884,0.47044656,0.19474609
580,-0.31427968,-0.9231551,0.47732142,0.25431183
581,-0.240827,-0.832158,0.47743836,0.16406244
582,-0.052934997,-0.9678742,0.44075274,0.11296755
583,-0.3769433,-0.78876454,0.5067807,0.22568434
584,-0.12045194,-0.91067773,0.4527758,0.11830941
585,-0.3117414,-0.8839413,0.52991086,0.20101558
586,-0.37125695,-0.8200389,0.4818885,0.21005848
587,-0.044113014,-1.0033896,0.4069253,0.16402589
588,-0.20031612,-0.95606536,0.49371788,0.16768625
589,-0.16570605,-0.92977905,0.4707185,0.13893984
590,-0.20371929,-0.929023,0.5048815,0.15224437
591,-0.058099043,-1.169836,0.47759685,0.17031011
592,-0.2625478,-0.88208836,0.47218478,0.1745358
593,-0.21687585,-0.96321166,0.4674956,0.20222066
594,-0.33609676,-0.8671867,0.5705133,0.11745958
595,-0.29946417,-0.9284835,0.49249682,0.24240978
596,-0.35215524,-0.8420243,0.49588645,0.21689303
597,-0.33786947,-0.77187055,0.4730445,0.23490416
598,-0.24908847,-0.730796,0.4369057,0.15296485
599,-0.16667826,-0.8529084,0.4439141,0.19036068
600,-0.14190014,-1.0783513,0.47255206,0.17662622
601,-0.40300623,-0.8275213,0.5385877,0.20294425
602,-0.25312415,-0.96107626,0.55624074,0.11437764
603,-0.089390494,-0.92968196,0.43331134,0.13981026
604,-0.23070543,-0.82574123,0.47424367,0.17911902
605,-0.23990764,-0.9757666,0.51629275,0.1949113
606,-0.275789,-0.8073869,0.47719777,0.19047068
607,-0.30745593,-0.9075472,0.4928962,0.17306544
608,-0.12277017,-1.0324491,0.47567818,0.17202802
609,-0.16479921,-0.8757383,0.47811356,0.13947608
610,-0.09879487,-0.9106085,0.4440051,0.15532534
611,-0.082771644,-0.85974103,0.41973516,0.16094486
612,-0.03991451,-1.0509713,0.45263046,0.115551375
613,-0.43261766,-0.8242007,0.51380706,0.24097481
614,-0.19243886,-0.7433931,0.4253004,0.146345
615,-0.31824023,-0.88970625,0.4906029,0.22232862
616,-0.28838652,-0.77837557,0.42393595,0.2040219
617,-0.16277933,-0.97140354,0.4383829,0.21845883
618,-0.21396145,-0.98066497,0.47410047,0.19782348
619,-0.31831443,-0.9421918,0.46630213,0.22545192
620,-0.2706176,-1.011826,0.4544321,0.2694878
621,-0.24447829,-0.7237683,0.43076584,0.16162302
622,-0.26667783,-0.87394166,0.48459128,0.20110522
623,-0.060404442,-0.9663166,0.46038017,0.11581901
624,-0.20529066,-0.86609507,0.46263084,0.15274711
625,-0.3480674,-0.90651923,0.5708317,0.1973428
626,-0.3911642,-0.92756724,0.47959194,0.27088597
627,-0.14150766,-1.0128834,0.42828423,0.20327447
628,-0.16763863,-0.98065007,0.45700693,0.2163862
629,-0.18689112,-1.1613623,0.5443723,0.15389298
630,-0.12085685,-1.097949,0.4850218,0.15534618
631,-0.28281367,-0.8208615,0.48972055,0.17331974
632,-0.35148963,-0.90051,0.5185944,0.21505345
633,-0.15136278,-0.8726549,0.46215934,0.12896733
634,-0.26240402,-0.80833894,0.45197102,0.21762522
635,-0.12817375,-0.9379849,0.46718344,0.11045088
636,-0.3299998,-0.870768,0.43601876,0.25507247
637,-0.25477678,-0.80675006,0.47162104,0.17687301
638,-0.2167366,-0.9470335,0.46019724,0.16013472
639,-0.07235099,-1.0206169,0.44360974,0.14405067
640,-0.25878686,-0.8712357,0.48150897,0.16439614
641,-0.26565665,-0.69439405,0.4145593,0.19854419
642,-0.2514255,-0.7462807,0.4688473,0.16071562
643,-0.1255742,-1.0114435,0.47155887,0.11306622
644,-0.20926835,-0.98823225,0.46131095,0.19938779
645,-0.29055426,-0.7399291,0.47028366,0.2153435
646,-0.31040832,-0.86694163,0.5144584,0.17021705
647,-0.18592809,-0.86248463,0.43937624,0.17721558
648,-0.22788505,-0.7488462,0.4270003,0.13256653
649,-0.3286802,-0.86012906,0.4922671,0.20256093
650,-0.13559483,-1.0186663,0.4518432,0.16508451
651,-0.42560503,-0.7603042,0.53416514,0.20855564
652,-0.19396338,-0.85085446,0.45843753,0.1492947
653,-0.22519632,-1.1465182,0.47682685,0.19882776
654,-0.2053069,-1.0669948,0.485951,0.17712829
655,-0.26000157,-0.77015144,0.47181353,0.17357881
656,-0.21429709,-0.78188545,0.4679586,0.16629079
657,-0.33829474,-0.72676,0.49461174,0.14428003
658,-0.10043899,-0.9054391,0.43877766,0.13774681
659,-0.058486033,-0.9458452,0.45935985,0.11391495
660,-0.12869442,-1.0960366,0.5123313,0.14437899
661,-0.02678182,-0.9917727,0.4191543,0.15509419
662,-0.31285557,-0.6781983,0.4827809,0.14749528
663,-0.23861048,-0.8623861,0.4576238,0.18264605
664,-0.17909227,-0.9461532,0.50549275,0.12665732
665,-0.27783242,-0.9543087,0.5234977,0.19661033
666,-0.44216847,-0.7946445,0.5052887,0.18869504
667,-0.2904157,-0.76304066,0.48634747,0.18882467
668,-0.17614055,-0.79544014,0.40524727,0.15836903
669,-0.38488334,-0.74836403,0.45450023,0.25575164
670,-0.21014702,-0.8805439,0.44261667,0.22002733
671,-0.15383767,-0.79748774,0.41972786,0.16935505
672,-0.24638319,-1.0095947,0.43491104,0.2329874
673,-0.21700963,-0.8401535,0.46418807,0.14019835
674,-0.26951674,-0.6660566,0.39973336,0.18210235
675,-0.36939433,-0.72494555,0.51975983,0.1783963
676,-0.26385868,-0.98771274,0.5591164,0.17733046
677,-0.18981092,-1.0228652,0.4810484,0.18951832
678,-0.32615963,-0.91760266,0.53483003,0.15388803
679,-0.2890876,-0.8045972,0.48183602,0.20077337
680,-0.16941942,-1.0450846,0.5010761,0.16251637
681,-0.22205015,-0.925615,0.54186594,0.12885305
682,-0.17060882,-1.0167251,0.47771809,0.19098225
683,-0.17624617,-0.77929753,0.44931164,0.13816814
684,-0.3199015,-0.9344259,0.5789568,0.12969351
685,-0.03761533,-0.7324985,0.36357364,0.14150351
686,-0.33541122,-0.90980196,0.49339196,0.24226794
687,-0.14750102,-0.9560831,0.4557958,0.18224634
688,-0.22629951,-0.9228822,0.53533375,0.17116162
689,-0.2391807,-0.87280786,0.5014518,0.13957419
690,-0.23107816,-0.81884557,0.47900718,0.16838315
691,-0.25714338,-0.9777905,0.5007024,0.19517861
692,-0.23095664,-0.9840801,0.4174895,0.2013549
693,-0.22347583,-0.70100397,0.4634816,0.15047958
694,-0.3197454,-0.8252124,0.4582156,0.15182705
695,-0.09617793,-1.1674914,0.48293242,0.16096137
696,-0.26399603,-1.0741913,0.5321871,0.1886453
697,-0.21472122,-0.83233434,0.48474044,0.16514656
698,-0.2766981,-0.7204314,0.45753035,0.17955583
699,-0.24137983,-0.9161557,0.48642156,0.15135044
700,-0.31417754,-0.87926906,0.50139517,0.23135148
701,-0.14137666,-1.0656612,0.4780332,0.19242592
702,-0.13234262,-0.7873304,0.4132088,0.11698753
703,-0.3223625,-1.0133436,0.5248131,0.2024035
704,-0.26968005,-0.8400284,0.4956978,0.14706716
705,-0.25665373,-0.73102856,0.45110443,0.20100464
706,-0.29668215,-1.020563,0.54887104,0.141482
707,-0.13234402,-0.9253832,0.4130493,0.16224357
708,-0.18685237,-1.1065167,0.5807437,0.11555033
709,-0.124761544,-0.7925583,0.4309821,0.19574335
710,-0.28371167,-0.7699776,0.45557755,0.20706113
711,-0.1742361,-0.8945232,0.45102173,0.16310507
712,-0.32789102,-0.92859715,0.5167647,0.17873155
713,-0.28401703,-0.62535435,0.43278688,0.18229005
714,-0.2213327,-0.9124615,0.47622517,0.18482688
715,-0.19469926,-0.9441697,0.47155386,0.20223436
716,-0.14085327,-0.88262415,0.4293839,0.15115993
717,-0.055662543,-0.9661314,0.44000566,0.12850836
718,-0.2689856,-0.9326084,0.5266802,0.15695697
719,-0.15537757,-0.94819707,0.4293163,0.1640128
720,-0.28258103,-0.8381993,0.45540205,0.19628078
721,-0.14409941,-0.97707367,0.43860874,0.17708437
722,-0.271447,-0.77283436,0.43541867,0.21438631
723,-0.31991675,-0.762134,0.45831344,0.17692585
724,-0.22542702,-0.7865846,0.45955172,0.16573894
725,-0.27475122,-1.0089024,0.51288885,0.17191222
726,-0.09286808,-0.99410146,0.436718,0.19057883
727,-0.15214188,-0.80676156,0.44934788,0.09644119
728,-0.14482792,-0.9024067,0.40918213,0.13951021
729,-0.26698038,-1.0407975,0.48352545,0.17255332
730,-0.08220916,-0.9834032,0.43576372,0.15312128
731,-0.1803519,-0.8831805,0.4791861,0.12521306
732,-0.15070342,-0.8733145,0.48877475,0.13558769
733,-0.06848364,-0.9188875,0.44298017,0.13029806
734,-0.15479277,-1.0363715,0.47159508,0.20570515
735,-0.36469594,-0.6434858,0.45359138,0.2170338
736,-0.03177202,-0.8972841,0.4370354,0.11926542
737,-0.20000312,-0.94629705,0.45616335,0.17594656
738,-0.14089295,-1.0503709,0.4550911,0.19196327
739,-0.19574265,-1.0071672,0.4615389,0.23847097
740,-0.35550338,-0.8749089,0.5292523,0.2102539
741,-0.13588369,-0.81203544,0.4218885,0.1371228
742,-0.19449413,-1.0588605,0.51312566,0.16252242
743,-0.17213726,-0.8642861,0.4303397,0.18468355
744,-0.18643029,-0.7942517,0.3856244,0.1823015
745,-0.24652223,-1.1020159,0.52718896,0.23429811
746,-0.38896123,-0.746602,0.53502244,0.2023687
747,-0.30143338,-0.8972415,0.41953695,0.2536678
748,-0.16509919,-0.8972838,0.42344087,0.15956602
749,-0.25045136,-0.9380885,0.46024626,0.22947972
750,-0.33520415,-0.8790569,0.5414224,0.20976497
751,-0.22061248,-0.9733727,0.5094991,0.1566008
752,-0.12054502,-0.92913306,0.38605326,0.18359478
753,0.08323683,-0.8853028,0.3277117,0.0990863
754,-0.24040554,-0.6806807,0.44567528,0.1771845
755,-0.3905764,-0.6280077,0.48684308,0.18707193
756,-0.1857368,-1.0199872,0.50077146,0.17193188
757,-0.28296006,-0.87417763,0.5119857,0.18996334
758,-0.36840454,-0.87491953,0.52654797,0.21070662
759,-0.20892704,-0.92814374,0.4120458,0.22294752
760,-0.41272756,-0.88170797,0.5274227,0.21648802
761,-0.2379218,-0.96081936,0.47648093,0.1848752
762,-0.16928598,-0.93076366,0.43721086,0.18403849
763,-0.15989308,-0.85945,0.4087652,0.22650534
764,-0.15603156,-0.8689654,0.45432276,0.13808967
765,-0.21098047,-0.9204661,0.44321287,0.20103534
766,-0.18186758,-0.8960191,0.41020775,0.19030648
767,-0.3247839,-0.8163723,0.5155761,0.18872634
768,-0.06414932,-1.0357839,0.38453707,0.22752282
769,-0.09292563,-1.1809419,0.4813815,0.19276048
770,-0.24544023,-0.8429489,0.47938743,0.18838505
771,-0.23963755,-0.8045782,0.46705642,0.13181405
772,-0.17251897,-1.0017588,0.49676806,0.13864528
773,-0.15448013,-0.9155815,0.45257246,0.15716837
774,-0.1617992,-0.9550823,0.45756203,0.13398612
775,-0.34070694,-0.69549596,0.4747464,0.14524445
776,-0.21335524,-0.8894137,0.473231,0.1669285
777,-0.07382921,-1.0683292,0.468863,0.16267261
778,-0.23078695,-1.105351,0.51704806,0.20668103
779,-0.2950209,-0.8756353,0.48631844,0.19510521
780,-0.28025895,-0.8060102,0.43804222,0.17284475
781,-0.24098949,-0.8802197,0.49593177,0.10515648
782,-0.16176441,-0.8803751,0.4516377,0.15615487
783,-0.13677609,-0.9110801,0.44727144,0.16006362
784,-0.27481666,-0.9513095,0.4595049,0.23844938
785,-0.07903153,-0.8474461,0.4198941,0.10110476
786,-0.019188007,-0.88188756,0.40822917,0.11370169
787,-0.35661367,-0.8121945,0.52801436,0.17387179
788,-0.31334302,-0.7463748,0.44548756,0.21896301
789,-0.22461665,-0.94739866,0.48097923,0.20024973
790,-0.26274246,-0.6975505,0.4207997,0.16335778
791,-0.24312636,-0.9125444,0.49724472,0.17397822
792,-0.21541177,-0.88031834,0.45561308,0.19335997
793,-0.14247191,-0.98761225,0.44997066,0.17759685
794,-0.2727362,-0.9883522,0.5102073,0.20909597
795,-0.13339184,-0.8404462,0.42834002,0.1235751
796,-0.19514479,-0.9250633,0.4401452,0.21605717
797,-0.19771175,-0.74006075,0.42011392,0.17332351
798,-0.2551176,-0.8267011,0.47454023,0.1483335
799,-0.2388111,-0.9435732,0.5133084,0.2067255
800,-0.22163518,-0.8501236,0.44833127,0.18516457
801,-0.4815156,-0.93401134,0.57422084,0.25601315
802,-0.1271739,-0.88962287,0.3783178,0.2327499
803,-0.19617485,-0.845732,0.4864719,0.13124086
804,-0.16645207,-0.7689021,0.37192583,0.18339902
805,-0.2749741,-1.1114484,0.53267884,0.21082732
806,-0.4837817,-0.7093838,0.57573575,0.15144081
807,-0.28265536,-0.753327,0.50715446,0.115742736
808,-0.32948232,-0.76692647,0.49200717,0.17576134
809,-0.07767996,-0.9225046,0.40849143,0.16321912
810,-0.25776452,-0.84968275,0.465003,0.17713577
811,-0.24951647,-0.89884347,0.49628258,0.19680895
812,-0.21117765,-0.9344722,0.51028913,0.18438682
813,-0.2774468,-1.0255035,0.53786594,0.1600887
814,-0.21823409,-0.8226099,0.51268154,0.11464861
815,-0.22086734,-0.7745107,0.45340604,0.15365396
816,-0.27336246,-0.9235612,0.49039665,0.19281322
817,-0.18620223,-0.7911219,0.45267215,0.13234407
818,-0.29812744,-0.8366656,0.43660232,0.17897886
819,-0.13998796,-1.0025934,0.44097716,0.2111365
820,-0.14524606,-0.7738518,0.39614823,0.17390354
821,-0.30473578,-0.779143,0.4929555,0.20267908
822,-0.34151736,-0.8821695,0.5036001,0.22466116
823,-0.24261339,-0.9282363,0.4726236,0.18985495
824,-0.2278268,-0.75968194,0.48164368,0.14887282
825,-0.27766618,-0.7566619,0.4484805,0.19480757
826,0.013111554,-1.1108752,0.47567406,0.12974237
827,-0.34250736,-0.92329717,0.5614577,0.15274835
828,-0.23758408,-0.89259696,0.45540443,0.17236742
829,-0.33823416,-0.84782887,0.49402213,0.1859969
830,-0.18495911,-0.93599683,0.45659956,0.21719384
831,-0.2009062,-0.76019263,0.43199635,0.16964407
832,-0.16784897,-0.91133076,0.45663908,0.16996874
833,-0.1861873,-1.0230793,0.52368236,0.14504184
834,-0.064075395,-1.016879,0.47050023,0.12562566
835,-0.16609532,-0.91030884,0.3967159,0.23641121
836,-0.19989899,-0.92181087,0.47383273,0.18285188
837,-0.22461496,-0.8610166,0.46185914,0.18582056
838,-0.11526507,-1.0071301,0.44787478,0.16605535
839,-0.03653359,-0.81414884,0.42448923,0.07564303
840,-0.24300122,-0.92947406,0.48978156,0.21829794
841,-0.25440568,-0.9298053,0.4707385,0.1937542
842,-0.22764222,-0.79958904,0.4277132,0.15447518
843,-0.23346214,-0.77607244,0.4209124,0.22394747
844,-0.32697096,-0.8866747,0.47717965,0.27046278
845,-0.07870862,-0.88336164,0.48253834,0.091292515
846,-0.11786524,-0.9272222,0.43781358,0.17132208
847,-0.3320731,-0.90474707,0.54030365,0.16632605
848,-0.2552258,-1.0155531,0.49190903,0.20139638
849,-0.10777323,-0.7649748,0.3910413,0.14154343
850,-0.22480386,-0.86732155,0.4736114,0.2190906
851,-0.21941909,-1.058038,0.49474224,0.20491225
852,-0.31199178,-0.7171889,0.50021917,0.15311009
853,-0.14013356,-1.0074627,0.42553443,0.13234694
854,-0.043229423,-1.1069788,0.50923586,0.10372723
855,-0.09867948,-1.2342918,0.45216042,0.1571286
856,-0.31314847,-0.7982066,0.52831,0.16614634
857,-0.2715752,-0.96527433,0.48940367,0.22240345
858,-0.22646987,-0.9410665,0.4871666,0.17173512
859,-0.19230571,-0.8402236,0.41985893,0.21194726
860,-0.13747838,-0.83040935,0.4617699,0.17669608
861,-0.11589233,-1.0406414,0.50870216,0.12960808
862,-0.46113372,-0.9019377,0.5575881,0.21418807
863,-0.1702616,-0.81278217,0.4356397,0.12638606
864,-0.09834686,-0.87331486,0.4276335,0.1527722
865,-0.15954171,-1.0713842,0.5109151,0.1334786
866,-0.33188322,-0.8378944,0.49739358,0.20469253
867,-0.17336392,-0.8684202,0.37145606,0.20988458
868,-0.2593025,-0.9515755,0.42079073,0.25126544
869,-0.2115699,-0.8330059,0.45094085,0.20011298
870,-0.3260233,-0.7201547,0.44744337,0.20143038
871,-0.170772,-0.91981405,0.4510478,0.12020198
872,-0.20995885,-0.9895362,0.5310402,0.104153454
873,-0.27525467,-0.8657919,0.49457958,0.23627254
874,-0.24827698,-0.7789401,0.4695684,0.14196452
875,-0.28394228,-1.0359385,0.54789793,0.17716399
876,-0.032122217,-1.0676392,0.45645,0.14958178
877,-0.19835593,-0.90802354,0.46028948,0.15171883
878,-0.17852266,-0.8199902,0.45460227,0.15415055
879,-0.16765517,-0.95923185,0.3937072,0.21005663
880,-0.33538175,-0.7559969,0.50214165,0.18448816
881,-0.27919176,-0.8227759,0.4646631,0.15966924
882,-0.123816974,-0.7999463,0.4139926,0.1654835
883,-0.18181734,-0.7483874,0.43702194,0.13185161
884,-0.19846295,-0.887607,0.42818934,0.18134598
885,-0.103129655,-1.0845804,0.46098202,0.15812013
886,-0.2418137,-0.8890094,0.46647212,0.14734629
887,-0.24763954,-0.8663583,0.4594206,0.21556658
888,-0.22964934,-0.81480545,0.46466917,0.14521801
889,-0.07384012,-0.8833819,0.44269723,0.1279467
890,-0.16654353,-0.89049846,0.46864593,0.12451653
891,-0.16282912,-0.817271,0.4511153,0.09956482
892,-0.20929784,-0.80222905,0.4996635,0.122240335
893,-0.1961996,-0.7825529,0.42372733,0.19850151
894,-0.30827454,-0.9242844,0.53657854,0.16147934
895,-0.09683988,-0.86071986,0.48674852,0.075019345
896,-0.11348817,-1.0565981,0.45672682,0.18854505
897,-0.31262997,-0.9053897,0.4808715,0.22045578
898,-0.2494564,-0.7955245,0.44275552,0.16751511
899,-0.16813174,-0.88761336,0.4656904,0.16331442
900,-0.07398036,-1.0096724,0.4587738,0.1337385
901,-0.25906307,-0.90241706,0.49460426,0.18032616
902,-0.16997218,-0.90927416,0.44134486,0.14012451
903,-0.28412265,-0.8906767,0.4603767,0.20786099
904,-0.18909436,-1.0755768,0.5089839,0.16012086
905,-0.1967561,-0.75157374,0.36628923,0.22417499
906,-0.24314108,-0.8883959,0.45730072,0.17698069
907,-0.2949579,-0.8334184,0.48255265,0.16228583
908,-0.22711621,-0.8526622,0.46762884,0.15799378
909,-0.10060362,-0.95118946,0.42379138,0.15224926
910,-0.27491772,-0.93073195,0.46174645,0.21973415
911,-0.123602115,-1.1399449,0.4475174,0.14494473
912,-0.33013383,-0.9056397,0.52026474,0.18302028
913,-0.20364948,-1.0433416,0.49300462,0.19283843
914,-0.32174706,-0.7463091,0.42651445,0.20949721
915,-0.09355727,-0.74894744,0.4063852,0.106003344
916,-0.18900189,-0.94781816,0.4894309,0.16218959
917,-0.2515948,-0.8270632,0.4229627,0.24694324
918,-0.067536704,-0.91935766,0.3729219,0.19698271
919,-0.14098807,-0.9366203,0.45964038,0.17684352
920,-0.21254113,-1.1330874,0.5253883,0.15859245
921,-0.2049181,-0.9423612,0.453897,0.26253593
922,-0.15267658,-0.86744696,0.43698335,0.14365277
923,-0.2576599,-0.89431137,0.4905419,0.15131223
924,-0.22081341,-0.793045,0.43453142,0.15684822
925,-0.19612199,-0.8376863,0.4521408,0.17947689
926,-0.11234067,-0.9011437,0.41165018,0.20131934
927,-0.29071832,-0.7888803,0.45916387,0.15836513
928,-0.4036157,-0.8404831,0.5331721,0.20868434
929,-0.3792405,-0.8875801,0.5267331,0.2391618
930,-0.18927991,-0.8726602,0.464,0.1673411
931,-0.33928692,-0.7691144,0.4902281,0.16308784
932,-0.21454304,-0.9979974,0.5236829,0.1461879
933,-0.19341421,-0.97447044,0.5370136,0.14848438
934,-0.22221127,-0.92964625,0.5177052,0.1410484
935,-0.34095114,-0.8948183,0.46555376,0.2212322
936,-0.31148052,-0.9233648,0.52552193,0.18316856
937,-0.19502692,-0.86857694,0.47531253,0.12238524
938,-0.21190818,-1.080625,0.51008034,0.19824068
939,-0.28971693,-0.83017707,0.4507762,0.20279497
940,-0.18268955,-0.87648094,0.49037883,0.16118395
941,-0.28041348,-0.79821223,0.46250328,0.15638724
942,-0.25851575,-0.92938924,0.47826427,0.20144454
943,-0.11805451,-0.8849979,0.4267334,0.10574082
944,-0.120070815,-1.1195741,0.4459544,0.20783404
945,-0.20521556,-0.6960547,0.41290843,0.1606904
946,-0.4062753,-0.9322655,0.55047065,0.22687513
947,-0.31786823,-0.7036683,0.4308032,0.20696336
948,-0.23294683,-0.7204257,0.418213,0.211461
949,-0.13847007,-0.9933234,0.4529513,0.15007742
950,-0.056252573,-0.98694324,0.40856075,0.18454424
951,-0.39483973,-0.90502423,0.5042191,0.270988
952,-0.25664976,-0.91918486,0.44935066,0.20799614
953,-0.28826624,-0.92962843,0.46110964,0.22120315
954,-0.17304854,-0.9082148,0.4466403,0.18494982
955,-0.12244718,-1.0123453,0.4765239,0.13513468
956,-0.10353107,-1.0190582,0.42251495,0.19221765
957,-0.29127577,-0.978573,0.51103526,0.2050998
958,-0.26280442,-0.95952404,0.5530825,0.13624305
959,-0.15841332,-0.8997622,0.42116293,0.15590951
960,-0.11426463,-0.8978079,0.44969288,0.09875881
961,-0.19542384,-0.9677402,0.45438534,0.17101397
962,-0.21703106,-0.85998946,0.4776894,0.16769098
963,-0.27079687,-0.77542883,0.46788338,0.1858785
964,-0.2303052,-0.84401816,0.46212617,0.17925721
965,-0.2819293,-0.88082886,0.47784802,0.16148348
966,-0.2665148,-0.79950184,0.43223298,0.26322255
967,-0.16327386,-0.881127,0.45072758,0.14294668
968,-0.25903597,-0.66543454,0.4458755,0.1206334
969,-0.07579435,-0.9910849,0.50415623,0.06702876
970,-0.08636089,-0.81134856,0.42179012,0.087599434
971,-0.08269253,-0.89225656,0.38858587,0.16257797
972,-0.22727148,-0.84396917,0.45946017,0.16069151
973,-0.27686796,-0.7242335,0.4623511,0.19697027
974,-0.27393195,-0.861218,0.51498604,0.17783129
975,-0.34128717,-0.9624462,0.512406,0.24880068
976,-0.27225345,-0.81008005,0.47643435,0.18146962
977,-0.24884696,-0.8043279,0.46981826,0.15819243
978,-0.23454617,-0.87437874,0.4663561,0.1330602
979,-0.23950952,-0.7857411,0.46304303,0.17302568
980,-0.22900672,-0.99488574,0.5095547,0.16524218
981,-0.102927245,-0.8709901,0.44492507,0.1281812
982,-0.17014599,-0.7779024,0.43307126,0.19527347
983,-0.09717782,-1.0212022,0.47191995,0.12231465
984,-0.1562021,-0.8947468,0.4155348,0.18975967
985,-0.22224769,-0.71896297,0.40773177,0.14847869
986,-0.34246927,-0.87913275,0.50469476,0.20160684
987,-0.21170644,-1.0041811,0.47908723,0.20136036
988,-0.10804206,-0.91845196,0.39711386,0.19428575
989,-0.35715395,-0.92828995,0.5069096,0.22908874
990,-0.27617446,-0.7039495,0.44383132,0.11689409
991,-0.098202735,-0.9522133,0.4681086,0.1426607
992,-0.21315238,-0.88109845,0.4553396,0.1703996
993,-0.046631206,-0.82465076,0.4573789,0.060306754
994,-0.2768591,-0.8899034,0.44069725,0.2603173
995,-0.15360162,-0.9625279,0.5016498,0.103009135
996,-0.22143286,-0.9935029,0.4799404,0.15245
997,-0.08360063,-0.9400289,0.45209157,0.11602979
998,-0.22425877,-0.8880037,0.502683,0.17745233
999,-0.090661585,-1.0020661,0.43079534,0.18155321
1000,-0.12255783,-0.9161721,0.42995158,0.14772013
1001,-0.03651457,-1.0543935,0.40027156,0.1519074
1002,-0.096549615,-0.98306745,0.4303089,0.17972577
1003,-0.19768928,-1.0556787,0.4887515,0.1929183
1004,-0.037610475,-0.89622897,0.4228455,0.15575707
1005,-0.18406446,-0.82319355,0.45502126,0.11285993
1006,-0.12881552,-0.82877123,0.45464575,0.15898068
1007,-0.083247684,-0.9469543,0.41979927,0.19209681
1008,-0.2185837,-1.0040026,0.49625006,0.18246724
1009,-0.015262413,-0.9015552,0.46147794,0.062467553
1010,-0.081268616,-0.8889994,0.45340696,0.08060344
1011,-0.09686573,-0.99093956,0.5117416,0.14254561
1012,-0.22134075,-0.9097319,0.4981143,0.15469074
1013,-0.22693492,-0.83780986,0.49260077,0.110427715
1014,-0.17907551,-0.71004206,0.46710888,0.14123188
1015,-0.2415754,-0.91895986,0.5043462,0.1974338
1016,-0.10364028,-0.9840366,0.42334414,0.17802252
1017,-0.24807723,-0.8313785,0.43904725,0.20471919
1018,-0.16242903,-0.80909437,0.43054163,0.14305922
1019,-0.2670798,-0.73806053,0.46551892,0.14900672
1020,-0.11479981,-0.8987998,0.45575842,0.1380597
1021,-0.31900257,-0.8950814,0.47662675,0.20658955
1022,-0.23427227,-0.9262786,0.45965388,0.1990191
1023,-0.40109795,-0.79803425,0.496422,0.24557269
1024,-0.16190425,-0.93350816,0.4424553,0.18673673
1025,-0.14835599,-0.97580194,0.42605436,0.17767206
1026,-0.36563396,-0.87559325,0.5229648,0.1971489
1027,-0.13660027,-1.1642921,0.52745014,0.19482583
1028,-0.15620548,-0.78503144,0.44467294,0.16900961
1029,-0.26644027,-0.93091774,0.4358172,0.26661047
1030,-0.27802336,-0.94547343,0.48950616,0.17460102
1031,-0.16536161,-0.92160946,0.47282264,0.14608854
1032,-0.16371286,-1.1098508,0.50714076,0.18573847
1033,-0.2948106,-0.9274083,0.46868387,0.17039578
1034,-0.14320439,-0.91243434,0.397121,0.17252778
1035,-0.13913164,-1.0630566,0.52206534,0.16072433
1036,-0.26345497,-0.89142525,0.49389297,0.16109927
1037,-0.2827606,-0.88898855,0.5124741,0.17968296
1038,-0.29150224,-0.84189457,0.48675784,0.1653597
1039,-0.041859522,-1.0284694,0.46732774,0.1189745
1040,-0.15925084,-0.9183361,0.41263437,0.22755991
1041,-0.14335302,-1.0372633,0.43204543,0.19105387
1042,-0.31078294,-0.852304,0.51043844,0.21879745
1043,-0.09850888,-0.82357496,0.39350757,0.1160572
1044,-0.10531505,-0.75144804,0.40428406,0.098775364
1045,-0.2771929,-0.995365,0.5205547,0.21057224
1046,-0.24724054,-0.8400739,0.435769,0.19165696
1047,-0.22680706,-0.9201873,0.5610543,0.11333982
1048,-0.3828569,-0.7485174,0.49661005,0.2192559
1049,-0.088834204,-0.8607214,0.38575184,0.1667023
1050,-0.18688971,-0.9954462,0.47085434,0.18533021
1051,-0.25638512,-1.0364907,0.4835664,0.1955385
1052,-0.1464453,-0.98741865,0.4610604,0.17660765
1053,-0.2898631,-0.8502108,0.4429123,0.23627843
1054,-0.24712661,-0.85858995,0.48926702,0.166511
1055,-0.06040372,-1.0001732,0.3865645,0.18549961
1056,-0.38862005,-0.7945356,0.55444765,0.14351657
1057,-0.26274177,-0.95124465,0.49384594,0.16151074
1058,-0.2889428,-0.7837416,0.44021672,0.19856477
1059,-0.252025,-0.936049,0.43963602,0.2420549
1060,-0.44280463,-0.70977724,0.53012556,0.21140237
1061,-0.06792859,-0.9849644,0.4128009,0.14246552
1062,-0.13677727,-0.96338046,0.40887925,0.20918602
1063,-0.2523017,-1.0306333,0.5267874,0.21065477
1064,-0.374566,-0.8545665,0.50856024,0.22507587
1065,-0.17466901,-0.8055936,0.4141736,0.20982388
1066,-0.27254385,-1.0518385,0.542774,0.15601274
1067,-0.267602,-0.9547703,0.47264746,0.21694566
1068,-0.09941948,-0.76584363,0.4268723,0.11649451
1069,-0.19504577,-0.94616646,0.48760185,0.18311457
1070,-0.15845995,-0.9400201,0.4457995,0.16249646
1071,-0.07836514,-1.0688562,0.43344185,0.16902792
1072,-0.26658267,-0.7309329,0.40282926,0.21506254
1073,-0.29833323,-0.75675404,0.4511636,0.15124695
1074,-0.13578728,-0.97895265,0.49399924,0.16426449
1075,-0.2957678,-0.8587476,0.55822647,0.1429779
1076,-0.1670531,-0.78021514,0.45532927,0.12975658
1077,-0.07213837,-0.8836083,0.44726425,0.120424464
1078,-0.2902181,-0.7455198,0.4684925,0.20195763
1079,-0.14296682,-0.7928617,0.4367828,0.14251094
1080,-0.107838936,-0.9558113,0.4287037,0.15219349
1081,-0.28436628,-0.8623989,0.48473594,0.16045623
1082,-0.24780951,-0.84846175,0.46488187,0.20480049
1083,-0.36774904,-0.7617929,0.44606042,0.21660317
1084,-0.2286532,-0.91133034,0.42479667,0.2341116
1085,-0.2207006,-0.89990133,0.47227246,0.18202542
1086,-0.107421815,-1.0111219,0.4463136,0.12926488
1087,-0.20675494,-0.9659073,0.50336045,0.19468541
1088,-0.2516217,-0.9139708,0.4977592,0.18105403
1089,-0.17182404,-0.95475495,0.42555925,0.20544685
1090,-0.27653143,-1.053027,0.5273692,0.20038648
1091,-0.24286841,-1.0410032,0.49033687,0.20571023
1092,-0.19429773,-0.8906802,0.44147265,0.20480222
1093,-0.26039085,-0.827451,0.48083758,0.13176802
1094,-0.1841824,-0.9813154,0.43160793,0.20737574
1095,-0.2766637,-0.7399566,0.4759229,0.14781189
1096,-0.2309775,-0.83249384,0.46094552,0.15007244
1097,-0.27456677,-0.91900504,0.45918342,0.20371869
1098,-0.052449983,-0.94190824,0.4303818,0.16568756
1099,-0.19434732,-0.9133044,0.46868116,0.1483707
1100,-0.25040793,-0.7845372,0.44878334,0.19738045
1101,-0.23009926,-0.8089567,0.4383517,0.16870116
1102,-0.21587776,-1.1734617,0.5269065,0.16767493
1103,-0.14043517,-0.7600151,0.4203211,0.07409563
1104,-0.011993689,-0.9141766,0.37744704,0.11836647
1105,-0.021851873,-0.954728,0.41822097,0.11746805
1106,-0.17190273,-0.9187946,0.47452477,0.17351258
1107,-0.17056714,-0.8880932,0.4389373,0.20174816
1108,-0.12700708,-1.0287951,0.46427748,0.21298435
1109,-0.13825944,-0.8515058,0.42941254,0.1332948
1110,-0.25389543,-0.8615515,0.47985274,0.16203804
1111,-0.1987036,-1.0113341,0.5126684,0.13857561
1112,-0.27982304,-0.8634702,0.50096244,0.15891609
1113,-0.15374811,-0.9232669,0.44019583,0.19146432
1114,-0.25728896,-0.8926474,0.475441,0.19142182
1115,-0.13640557,-0.75777644,0.41686606,0.13737558
1116,-0.268732,-0.83098865,0.44996738,0.1702334
1117,-0.18518187,-0.98511904,0.49812925,0.11822499
1118,-0.22207738,-1.0260763,0.48765594,0.18327239
1119,-0.22851329,-0.91510046,0.4751832,0.16520618
1120,-0.20254792,-0.8378049,0.4754624,0.14277422
1121,-0.18219376,-1.030628,0.47768575,0.175487
1122,-0.23995283,-0.9392398,0.50096464,0.18099642
1123,-0.187928,-0.8762301,0.45225927,0.16568923
1124,-0.28419796,-0.6467644,0.4486387,0.14860936
1125,-0.06786402,-1.1392533,0.4851444,0.12004278
1126,-0.2935824,-0.79061085,0.52411276,0.16835478
1127,0.036179345,-0.8818747,0.351682,0.09660415
1128,-0.22584677,-0.83122826,0.46736374,0.16006318
1129,-0.19643418,-0.9089256,0.44491422,0.20016402
1130,-0.22880846,-1.10376,0.5586865,0.1551874
1131,-0.16003817,-0.79985946,0.43078408,0.15459107
1132,-0.3204803,-0.88408715,0.52711666,0.16886581
1133,-0.049251206,-1.0112143,0.42844158,0.1403376
1134,-0.1735332,-0.7521436,0.45471373,0.1397472
1135,-0.11117698,-1.0084485,0.47752178,0.10871348
1136,-0.25844428,-0.8552677,0.40581208,0.24404219
1137,-0.30314916,-0.8574467,0.47838664,0.21652639
1138,-0.16561589,-0.8777243,0.4598647,0.17362042
1139,0.005192986,-1.0907875,0.4525478,0.10466217
1140,-0.23384039,-0.9508291,0.4672037,0.23109585
1141,-0.08697747,-0.9913841,0.42651114,0.19354162
1142,-0.30459252,-0.7748653,0.46479774,0.21620817
1143,-0.15910614,-0.7982007,0.46532217,0.113215216
1144,-0.23079875,-0.81223285,0.44455603,0.1889425
1145,-0.2359409,-0.8131405,0.46687892,0.12725961
1146,-0.17278184,-0.861439,0.45830643,0.16130704
1147,-0.2236593,-0.8386215,0.50572735,0.12560564
1148,-0.13561939,-0.7965823,0.3976308,0.20039788
1149,-0.16159974,-0.84464926,0.40053686,0.20575501
1150,-0.19475089,-0.87014437,0.4775297,0.18459375
1151,-0.1103929,-1.0381,0.4538049,0.1184094
1152,-0.2324067,-1.008329,0.52886707,0.16485643
1153,-0.1643588,-1.0294495,0.46996522,0.19059345
1154,-0.12817173,-0.893887,0.45356554,0.13740784
1155,-0.23842359,-0.97322315,0.49862456,0.21969782
1156,-0.1029967,-0.8879615,0.44706428,0.1247834
1157,-0.2858252,-0.9147979,0.51576424,0.20180349
1158,-0.32040775,-0.9068946,0.573657,0.1387732
1159,-0.19453098,-1.0409001,0.5070635,0.13758151
1160,-0.17095007,-0.90998787,0.46288764,0.13754812
1161,-0.08316617,-0.9702428,0.4354564,0.15606102
1162,0.0040637944,-0.9914711,0.41793594,0.17333998
1163,-0.3508893,-0.7909041,0.4765599,0.20907521
1164,-0.19185488,-0.8811574,0.45432678,0.17293926
1165,-0.2562603,-1.0334691,0.5259133,0.18454427
1166,-0.2408404,-0.96993226,0.47672093,0.15548144
1167,-0.22383636,-0.81387043,0.47763222,0.1318542
1168,-0.07963565,-0.97519326,0.45819736,0.15413712
1169,-0.32736847,-0.8206035,0.47501457,0.24598338
1170,-0.15687318,-0.95507926,0.4790459,0.14596537
1171,-0.2708757,-0.86010545,0.50235045,0.18844357
1172,-0.078138076,-0.8630388,0.43628722,0.099857
1173,-0.20527601,-0.77586126,0.42446944,0.19943683
1174,-0.10564082,-0.7881731,0.40150025,0.16177827
1175,-0.21763192,-0.9381831,0.47326636,0.14295982
1176,-0.13808931,-0.8668841,0.4364169,0.14086643
1177,-0.30348796,-0.93752193,0.48222607,0.22887573
1178,-0.23461962,-0.95367163,0.4958124,0.17506862
1179,-0.3126248,-0.7866471,0.45149374,0.19033854
1180,-0.4220057,-0.8702479,0.540319,0.23997413
1181,-0.26174292,-0.83099955,0.47758275,0.17693149
1182,-0.0893345,-1.1289924,0.5117482,0.118058145
1183,-0.15832427,-0.7992834,0.39938644,0.22369172
1184,-0.076003864,-0.94772214,0.39644364,0.15167207
1185,-0.20337644,-0.82884437,0.45989856,0.1449285
1186,-0.29077086,-1.0923412,0.58591783,0.1759675
1187,-0.24486618,-0.87181026,0.47954825,0.18079983
1188,-0.20483986,-0.87172776,0.47985294,0.12725507
1189,0.018735493,-0.9906482,0.3793169,0.12440845
1190,-0.14211543,-0.82737917,0.43466884,0.13515511
1191,-0.22088087,-0.90129787,0.46458846,0.18524213
1192,-0.16494313,-0.8674661,0.40621403,0.19413243
1193,-0.14586307,-0.94245183,0.48869735,0.121447995
1194,-0.21306838,-0.8054014,0.42837355,0.160658
1195,-0.13297947,-0.78497404,0.44896647,0.12134642
1196,-0.064953744,-1.0562732,0.44714785,0.14971632
1197,-0.325746,-0.66888016,0.51709753,0.16172118
1198,-0.4779071,-0.7940354,0.49124426,0.24323902
1199,-0.25040287,-0.95955735,0.5003417,0.14527735
1200,-0.29154563,-0.80548614,0.46206248,0.2260209
1201,-0.10408819,-0.9744697,0.46200192,0.18811156
1202,-0.2530115,-0.90656346,0.42737603,0.21737412
1203,-0.18761194,-0.90908706,0.4831754,0.13577646
1204,-0.19361292,-0.8435726,0.45762402,0.12662007
1205,-0.08969601,-0.92853,0.44348136,0.15318964
1206,-0.19849965,-0.8718771,0.48590797,0.15969522
1207,-0.38889992,-0.81172806,0.50634265,0.18701006
1208,-0.19243163,-1.013391,0.46554735,0.18465686
1209,-0.22540252,-0.9327505,0.44308877,0.24078597
1210,-0.14450738,-0.9546794,0.43187565,0.21764027
1211,-0.41389856,-0.672485,0.5209174,0.19687791
1212,-0.19427666,-1.1170397,0.48734066,0.19992137
1213,-0.16014683,-0.9158198,0.48316452,0.14592524
1214,-0.33898535,-0.700636,0.48615348,0.15547504
1215,-0.29228035,-0.8469482,0.5020344,0.1557279
1216,-0.16758119,-0.93312514,0.45195585,0.13512303
1217,-0.20709218,-0.98233134,0.48575604,0.1635485
1218,-0.22667731,-0.8864385,0.46609613,0.13786423
1219,-0.32457745,-1.0039934,0.56541634,0.19472694
1220,-0.3119765,-0.8446723,0.4900156,0.13319066
1221,-0.23889062,-0.85138637,0.43244022,0.1794172
1222,-0.259656,-0.8326389,0.5163175,0.13024391
1223,-0.1793661,-1.0065311,0.52694523,0.109145135
1224,-0.14853944,-0.86946994,0.44611996,0.13450527
1225,-0.06699126,-0.942296,0.44997627,0.0907997
1226,-0.1914379,-0.83291394,0.4325498,0.20101629
1227,-0.17379206,-0.93340254,0.4725627,0.12390846
1228,-0.2451866,-0.8241066,0.44423085,0.20228967
1229,-0.15658619,-0.7748676,0.4759044,0.09131141
1230,-0.11876036,-0.8859706,0.4482345,0.1193628
1231,-0.22632332,-0.9707505,0.48497194,0.20076041
1232,-0.07108588,-0.9529311,0.41052815,0.12354225
1233,-0.2819058,-0.8223015,0.50114,0.19901797
1234,-0.122693926,-0.91609734,0.46566293,0.09848151
1235,-0.513815,-0.6484712,0.4911239,0.24198109
1236,-0.28724593,-0.9469532,0.4870623,0.21406241
1237,-0.18649521,-0.879286,0.46794337,0.09803072
1238,-0.31201276,-0.9081545,0.4700964,0.24296662
1239,-0.12460621,-0.94975674,0.4681675,0.14698046
1240,-0.3356086,-0.9614844,0.5277956,0.19537939
1241,-0.041004367,-0.90002203,0.40883237,0.09922004
1242,-0.2971643,-0.90377617,0.4691452,0.21723111
1243,-0.20336786,-0.88846844,0.47514066,0.13778807
1244,-0.24427181,-0.9568849,0.49577352,0.15953803
1245,-0.28693035,-0.87939835,0.53536695,0.16574189
1246,-0.26564333,-0.8366411,0.43752632,0.2134166
1247,0.0284258,-0.8622418,0.3604511,0.103249915
1248,-0.004082985,-0.9456854,0.4020246,0.16517155
1249,-0.3266826,-0.938501,0.52275026,0.19851369
1250,-0.35032064,-0.92172533,0.50139964,0.22588286
1251,-0.16690953,-0.9080004,0.4920548,0.1991853
1252,-0.23146537,-0.80122656,0.4465879,0.18344235
1253,-0.39797962,-0.75220686,0.52814525,0.16207257
1254,-0.31197023,-0.87540793,0.47076035,0.24567433
1255,-0.14642815,-1.0210279,0.48834145,0.13125601
1256,-0.036938034,-0.7949451,0.3755802,0.12246736
1257,-0.13756445,-0.7860147,0.43576512,0.15379232
1258,-0.37112474,-0.86721265,0.47711444,0.2356458
1259,-0.02782545,-1.0139314,0.48075604,0.06892217
1260,-0.2673713,-0.86602914,0.4754402,0.18987463
1261,-0.19350682,-0.9260704,0.473367,0.17565525
1262,-0.23114736,-0.732033,0.4754668,0.14362173
1263,-0.29057634,-0.6929836,0.4077979,0.23383327
1264,-0.2923687,-0.9339104,0.47682145,0.1758098
1265,-0.2103622,-1.2019659,0.5328799,0.16032968
1266,-0.09456444,-0.7614938,0.40614563,0.18017389
1267,-0.18007419,-0.8091994,0.41127974,0.17787112
1268,-0.1609019,-1.2726569,0.52188575,0.1857301
1269,-0.17489262,-1.0928426,0.4775844,0.15961899
1270,-0.24619672,-1.0670153,0.5207404,0.14008455
1271,-0.056753118,-1.0109899,0.48925126,0.14136541
1272,-0.20492163,-0.91781867,0.42042336,0.22240731
1273,-0.23409724,-0.7810566,0.46709087,0.14004143
1274,-0.16915473,-1.0211197,0.46983746,0.1810143
1275,-0.2916074,-0.9508887,0.51769555,0.16651629
1276,-0.3274088,-0.8780018,0.5326962,0.22716464
1277,-0.43207633,-0.8367273,0.4938914,0.25954136
1278,-0.28363353,-0.9892516,0.54395634,0.14712867
1279,-0.2432374,-0.9513769,0.5217523,0.1229467
1280,-0.121421956,-0.87652445,0.42061332,0.1709927
1281,-0.22135812,-1.0142949,0.5543653,0.124810636
1282,-0.10346978,-0.9033329,0.45002544,0.1319724
1283,-0.092006,-0.90781635,0.46033445,0.115102194
1284,-0.15938117,-1.0854468,0.4704478,0.19543113
1285,-0.17114948,-0.943619,0.4671983,0.17619847
1286,-0.3130577,-0.8435946,0.4812269,0.24438465
1287,-0.4600374,-0.85742396,0.55714124,0.21641727
1288,-0.068308726,-0.88171405,0.4129322,0.07564693
1289,-0.3173344,-0.9769753,0.52458125,0.22555622
1290,-0.31232372,-1.0115033,0.5285472,0.19895354
1291,-0.114420824,-0.9986107,0.46030203,0.13585405
1292,-0.1926951,-0.9306352,0.46536836,0.19675627
1293,-0.07793806,-1.0105623,0.4632501,0.15358685
1294,-0.27418184,-0.9684231,0.50913703,0.1907199
1295,-0.23508559,-1.0429296,0.46693358,0.2410149
1296,-0.21232106,-0.93771017,0.49356416,0.19881105
1297,-0.12452594,-0.92200834,0.4541768,0.14251111
1298,-0.26283556,-0.9696464,0.45806596,0.2379351
1299,-0.12219577,-0.95300174,0.4299961,0.18640052
1300,-0.26786315,-0.6960007,0.47728208,0.15844713
1301,-0.24494684,-0.9787111,0.5060396,0.16500455
1302,-0.01392013,-0.97615606,0.4078577,0.13705602
1303,-0.14388023,-0.9027606,0.43796012,0.15368849
1304,-0.26177314,-0.7232974,0.46398112,0.13594347
1305,-0.24794823,-0.85756165,0.52409786,0.14473398
1306,-0.0884465,-0.9389136,0.44595143,0.10607639
1307,-0.24166673,-0.77721006,0.4335981,0.14771155
1308,-0.24606098,-0.85312694,0.42583144,0.19107401
1309,-0.28257808,-1.0199219,0.47044024,0.21880834
1310,-0.3542028,-0.9325879,0.57741505,0.14910786
1311,-0.3122429,-1.0396143,0.45665118,0.21975033
1312,-0.16483292,-0.8252228,0.42353648,0.17789428
1313,-0.30953908,-0.8586668,0.5007019,0.14378983
1314,-0.41097915,-0.93838036,0.51169074,0.2655508
1315,-0.15325074,-0.9060313,0.443284,0.15937848
1316,-0.32328328,-0.9592906,0.5080683,0.21915807
1317,-0.32731077,-0.7799245,0.47710052,0.22784048
1318,-0.21929243,-0.8789937,0.47971627,0.11447565
1319,-0.07576176,-0.96095824,0.46318802,0.11655563
1320,-0.18903886,-0.8754684,0.4564064,0.14467318
1321,-0.22992627,-0.8876535,0.48493466,0.17548728
1322,-0.27420318,-0.89584404,0.48636183,0.17562567
1323,-0.2375065,-0.89268416,0.46879056,0.15251465
1324,-0.11328322,-0.94565254,0.46553567,0.12051571
1325,-0.2906351,-0.89135873,0.5053607,0.18941006
1326,-0.20787403,-0.8711769,0.43605787,0.22345388
1327,-0.09970934,-0.79205936,0.40151826,0.19032826
1328,-0.17503075,-0.87075967,0.4538251,0.17162208
1329,-0.18798955,-0.9314521,0.45468414,0.2074554
1330,-0.17679821,-0.9823328,0.5211428,0.12742844
1331,-0.11773444,-0.89289296,0.44765225,0.073141195
1332,-0.16739905,-0.97676325,0.44296685,0.16461599
1333,-0.28533003,-0.81811273,0.49655205,0.17084874
1334,-0.15613341,-0.9379155,0.44780698,0.13834986
1335,-0.20228572,-0.96357685,0.52179533,0.1125969
1336,-0.22958703,-0.9621697,0.4754266,0.15699622
1337,-0.18147217,-0.83323455,0.42539003,0.22026157
1338,-0.30333984,-0.79043096,0.4594527,0.21698451
1339,-0.16537587,-0.7453841,0.38978046,0.19539052
1340,-0.2709339,-0.8621827,0.5096905,0.16947336
1341,-0.2079263,-0.80276036,0.42485207,0.14656082
1342,-0.2697583,-0.91932577,0.48694807,0.18108253
1343,-0.3480667,-0.9148661,0.5362284,0.2203154
1344,-0.2175086,-0.8559103,0.45056382,0.1648968
1345,-0.25153404,-0.8784791,0.44673318,0.21357419
1346,-0.3031877,-0.8967977,0.46510682,0.2151614
1347,-0.22711289,-0.7829498,0.43733636,0.17962693
1348,-0.35153484,-0.8155412,0.50077343,0.22651958
1349,-0.15353566,-0.8212544,0.3978154,0.17922033
1350,-0.29081494,-0.9929317,0.52841395,0.23547032
1351,-0.13127305,-0.9170492,0.44388998,0.15454768
1352,-0.50431925,-0.84291995,0.58628654,0.20012544
1353,-0.33207417,-0.85791516,0.5029811,0.21845086
1354,-0.34513402,-0.85940236,0.49959618,0.20560707
1355,-0.11386914,-0.81282467,0.44904304,0.12614319
1356,-0.25972408,-0.85989296,0.46368954,0.18180968
1357,-0.07583957,-0.8033941,0.3998869,0.10964474
1358,-0.23239696,-1.0615323,0.546684,0.15706383
1359,-0.11680876,-0.89560705,0.4122992,0.1334508
1360,-0.39205697,-0.8268896,0.47985712,0.2630811
1361,-0.06745868,-0.9341287,0.45607686,0.10040946
1362,-0.21930751,-0.8436539,0.47317964,0.17571822
1363,-0.2576058,-0.87166184,0.4621953,0.20190163
1364,-0.19884095,-0.72987163,0.41584003,0.19076802
1365,-0.08027539,-0.97240925,0.41220134,0.12088921
1366,-0.07311569,-0.97948337,0.4173357,0.12939629
1367,-0.37625512,-0.6099461,0.44382638,0.20689891
1368,-0.28368858,-0.8358229,0.48965394,0.17494704
1369,-0.32077578,-0.75545645,0.44943902,0.2064804
1370,-0.26063737,-0.6888334,0.47645602,0.14312945
1371,-0.3394287,-0.98308265,0.53687406,0.24570349
1372,-0.176075,-1.0541649,0.5359149,0.13471891
1373,-0.21930431,-1.067982,0.5493555,0.17391478
1374,-0.15281603,-0.89578503,0.45624426,0.15040517
1375,-0.1387839,-0.9370401,0.45011127,0.1840478
1376,-0.04282088,-0.9310939,0.4306928,0.12189837
1377,-0.12762277,-0.828765,0.42903832,0.165854
1378,-0.26197556,-0.92418206,0.5220676,0.17101945
1379,-0.24787319,-0.83984566,0.49694854,0.116598964
1380,-0.39153036,-0.8171607,0.5018513,0.21409197
1381,-0.2244794,-0.936902,0.4711999,0.19072479
1382,-0.31382948,-0.71093017,0.48405573,0.14492819
1383,-0.055844788,-1.0080711,0.45564526,0.16272457
1384,-0.20781162,-0.92107356,0.45637178,0.21234371
1385,-0.14841866,-0.9285122,0.4321823,0.2297731
1386,0.03195734,-0.95756364,0.39194116,0.11184226
1387,-0.28845927,-0.97507334,0.5235189,0.20691645
1388,-0.1306479,-0.7975547,0.43353167,0.11515417
1389,-0.17918125,-0.85857785,0.49031058,0.18117882
1390,-0.19231358,-0.9273077,0.46980003,0.17558418
1391,-0.09157094,-0.9139024,0.3721733,0.16417155
1392,-0.22221914,-0.8544537,0.46847025,0.14389078
1393,-0.13564734,-0.9194736,0.46478817,0.15877196
1394,-0.26430994,-0.8232135,0.58204395,0.11190233
1395,-0.10313337,-0.9280104,0.41274175,0.15112512
1396,-0.37034565,-0.82085973,0.5263172,0.19773129
1397,-0.22429244,-0.8651033,0.4302478,0.17943099
1398,-0.21676178,-0.95661664,0.47747543,0.23942177
1399,-0.29396033,-0.5554084,0.4210945,0.13751724
1400,-0.26428604,-0.9042202,0.52322334,0.18165937
1401,-0.19900657,-0.8031385,0.42962152,0.19347124
1402,-0.24703719,-0.7993521,0.48042402,0.18554275
1403,-0.20083815,-0.7998153,0.45312488,0.17985266
1404,-0.31380278,-0.7974516,0.5371003,0.14958782
1405,-0.41209537,-0.85302943,0.5205869,0.2290478
1406,-0.38030243,-0.8369626,0.5173918,0.1479914
1407,-0.20302851,-0.8978666,0.51771575,0.117783315
1408,-0.20871986,-0.97569615,0.44794902,0.21266341
1409,-0.48779088,-0.7086194,0.55218893,0.23768497
1410,-0.15527064,-0.824485,0.44982624,0.11659417
1411,-0.21291754,-0.89127827,0.46408114,0.1781449
1412,-0.18462992,-0.9077271,0.44582638,0.22770669
1413,-0.25504676,-0.66339207,0.4200501,0.18598178
1414,-0.28653023,-0.97169954,0.53673065,0.16729042
1415,-0.31017554,-0.7337211,0.49738365,0.11526954
1416,-0.23873553,-0.9839772,0.42818812,0.24362096
1417,-0.1338606,-0.944566,0.48557633,0.15298057
1418,-0.17767347,-1.035655,0.5279088,0.1522091
1419,-0.22110464,-0.9944377,0.44917226,0.21279657
1420,-0.24280114,-0.8895637,0.490962,0.1710562
1421,-0.2902348,-0.8812468,0.5042443,0.18509948
1422,-0.18042178,-0.87903154,0.46087074,0.16350147
1423,-0.22196755,-0.9357677,0.46310887,0.20134333
1424,-0.17221794,-0.9519802,0.46676826,0.16743295
1425,-0.17909567,-0.89893067,0.48941925,0.20169555
1426,-0.229708,-1.0152385,0.48976853,0.16889937
1427,-0.10014858,-0.8079813,0.43668664,0.12002914
1428,-0.35021126,-0.8579081,0.47896668,0.21762909
1429,-0.20903023,-0.91949147,0.41538364,0.23537722
1430,-0.22880925,-0.88170844,0.527344,0.13613056
1431,-0.2099125,-0.9893821,0.45602286,0.20354448
1432,-0.3642677,-0.8068086,0.45674926,0.23178598
1433,-0.15811568,-0.7728506,0.4520805,0.09320448
1434,-0.3572759,-0.85204375,0.48171702,0.25364152
1435,-0.22535518,-0.9215236,0.4791358,0.13799703
1436,-0.22994976,-0.80029607,0.43713573,0.22779146
1437,-0.24267402,-0.8815234,0.51078296,0.15014656
1438,-0.17873326,-1.0314449,0.5079067,0.19404182
1439,-0.11986155,-0.8994179,0.48436624,0.118865214
1440,-0.20968767,-0.93102086,0.4459014,0.21696715
1441,-0.22136231,-0.8147863,0.45212072,0.17071165
1442,-0.3774168,-0.6807691,0.46330366,0.20740496
1443,-0.25639543,-1.0123866,0.49220446,0.23230085
1444,-0.32481575,-0.95700645,0.49438685,0.21953428
1445,-0.448927,-0.7490465,0.49142548,0.2340568
1446,-0.34352884,-0.8636646,0.5240979,0.2025081
1447,-0.2582692,-1.087178,0.52432376,0.21068269
1448,-0.16948764,-0.79568785,0.4277169,0.13777444
1449,-0.045368582,-0.851512,0.40124896,0.13964222
1450,-0.13017544,-0.6731441,0.339978,0.13944215
1451,-0.20643221,-0.84313637,0.420909,0.2426994
1452,-0.1826202,-0.97948116,0.48952526,0.18607664
1453,-0.26922804,-0.92384934,0.49284834,0.19454277
1454,-0.13218935,-0.93866897,0.45153952,0.17747048
1455,-0.26317298,-0.97757393,0.4604782,0.27061588
1456,-0.25460887,-0.7065805,0.499603,0.087867305
1457,-0.20020197,-1.0257504,0.46661812,0.185889
1458,-0.21928126,-0.85624385,0.44900298,0.15725012
1459,-0.38167933,-1.0029957,0.5164692,0.24479726
1460,-0.20698096,-1.0337578,0.5539812,0.11663695
1461,-0.2722374,-1.0157269,0.5114911,0.18532673
1462,-0.12697472,-0.9642032,0.42836148,0.14125028
1463,-0.23441,-1.0122123,0.47887337,0.21273679
1464,-0.2463887,-0.9199654,0.5196038,0.1689953
1465,-0.39709634,-0.833054,0.52242965,0.21969834
1466,-0.2910297,-0.87232655,0.48703474,0.18230635
1467,-0.21423899,-0.94167095,0.43581134,0.18468474
1468,-0.22682922,-0.8985248,0.5063992,0.17802484
1469,-0.10107737,-0.92572004,0.43821025,0.15453438
1470,-0.10923939,-0.72880286,0.41243967,0.13879709
1471,-0.21420833,-0.72832686,0.41245362,0.16992854
1472,-0.2365476,-0.90648377,0.49333018,0.15011285
1473,-0.23236485,-0.9821937,0.52483046,0.16596611
1474,0.014016154,-0.95254266,0.4099286,0.11482782
1475,-0.15713938,-0.73496103,0.41803902,0.120173745
1476,-0.059007607,-0.99996483,0.44040248,0.1560155
1477,-0.3220517,-0.71875083,0.45432675,0.18017352
1478,-0.17877771,-0.95619583,0.4884058,0.1713323
1479,-0.05913833,-0.7727096,0.33747667,0.16635446
1480,-0.30404857,-1.1173421,0.53709626,0.20236015
1481,-0.15578769,-0.8497927,0.44794148,0.17859249
1482,-0.24607332,-1.0400622,0.5153575,0.1764068
1483,-0.21612842,-0.8359341,0.52529186,0.112973586
1484,-0.22549333,-0.9789869,0.4557289,0.24344313
1485,-0.20649052,-1.0840838,0.52393144,0.16640098
1486,-0.224912,-0.8465143,0.488332,0.1792566
1487,-0.29728436,-0.9318789,0.56283015,0.12604833
1488,-0.08865926,-0.91010827,0.4239607,0.15226659
1489,-0.15003262,-0.9698398,0.45839602,0.17376205
1490,-0.046349548,-1.0098113,0.4817843,0.11342716
1491,-0.19028068,-0.904475,0.43989098,0.1969559
1492,-0.26321408,-0.7687271,0.51282036,0.1741997
1493,-0.2652058,-0.9360082,0.52387065,0.15121682
1494,-0.21108186,-0.91383123,0.47407126,0.12103403
1495,-0.4208995,-0.87068254,0.51042885,0.2503406
1496,-0.23495038,-0.89554065,0.47292858,0.19417246
1497,-0.17384498,-0.9448281,0.47801483,0.17837691
1498,-0.18083149,-0.8653554,0.45568484,0.16696782
1499,-0.1218902,-0.89860564,0.5014676,0.08012876
1500,-0.35378668,-0.79602027,0.43817568,0.2077134
1501,-0.30609304,-0.87945354,0.49248612,0.19597971
1502,-0.35829747,-0.80445427,0.5076908,0.16469012
1503,-0.17873396,-1.0445145,0.49866423,0.1588335
1504,-0.22125936,-0.8173186,0.4709111,0.15969308
1505,-0.32890862,-0.7556126,0.4434627,0.18760757
1506,-0.11059063,-0.8095883,0.45661944,0.1431574
1507,-0.21168762,-1.0768362,0.48083857,0.22096485
1508,-0.20953402,-0.8020638,0.4889299,0.13485347
1509,-0.2866755,-1.0044742,0.46456262,0.20498013
1510,-0.24580353,-0.945864,0.49047077,0.13273515
1511,-0.18007946,-0.9827361,0.48338923,0.18444204
1512,-0.23979828,-0.815145,0.40989923,0.262639
1513,-0.18424726,-0.96508783,0.47981986,0.13136567
1514,-0.15371875,-1.09667,0.4927679,0.19211526
1515,-0.2958959,-1.0118316,0.5258699,0.18744317
1516,-0.11827939,-1.0192086,0.46923453,0.15334922
1517,-0.20147707,-0.8349742,0.4651941,0.10927908
1518,-0.4243762,-0.9330021,0.542758,0.20110495
1519,-0.15287013,-0.81265897,0.4087867,0.18934044
1520,-0.23737068,-0.88017267,0.4508352,0.22622529
1521,-0.14237176,-0.97917795,0.44100493,0.21643847
1522,-0.16344115,-0.98640364,0.49368802,0.16716084
1523,-0.26345438,-0.888723,0.4897352,0.20143104
1524,-0.16998492,-0.86872905,0.40631288,0.16759296
1525,-0.21644445,-0.888591,0.50091213,0.18003108
1526,-0.25170463,-0.9238188,0.517589,0.1984807
1527,-0.26018625,-1.064901,0.5524754,0.12700112
1528,-0.2486625,-0.91145396,0.51828265,0.15984018
1529,-0.21586347,-0.7782018,0.42607778,0.13112038
1530,-0.12879018,-1.0536525,0.46977988,0.21396922
1531,-0.27075008,-1.020725,0.5244751,0.19670366
1532,-0.28193465,-0.88525945,0.48436305,0.18469135
1533,-0.1839979,-0.9388033,0.50064623,0.14200985
1534,-0.19794138,-0.85083956,0.47602695,0.11645103
1535,-0.12549663,-0.98063755,0.53616613,0.08021977
1536,-0.22115071,-0.75880826,0.42209035,0.14239939
1537,-0.27625635,-0.81668764,0.50012594,0.13563612
1538,-0.1917942,-0.8588641,0.46889248,0.137126
1539,-0.22567125,-0.79644895,0.47852284,0.22312713
1540,-0.22985953,-1.1712044,0.497691,0.23328525
1541,-0.2689426,-0.7532275,0.48154873,0.17651188
1542,-0.19922271,-0.8629093,0.3992901,0.23538691
1543,-0.10098801,-0.92786455,0.4329243,0.14650963
1544,-0.2943384,-0.9001914,0.50451666,0.15994644
1545,-0.2527775,-0.8694677,0.4661369,0.22081086
1546,-0.16115144,-0.94206667,0.48170003,0.17783536
1547,-0.21842799,-0.8718826,0.44777006,0.17448361
1548,-0.2677637,-0.8351651,0.4398902,0.17445219
1549,-0.09802924,-0.9886213,0.5202299,0.0914242
1550,-0.09079559,-0.72368455,0.3578817,0.1414429
1551,-0.28939164,-0.9770407,0.50770813,0.22141303
1552,-0.09416579,-0.80193794,0.38652226,0.16816589
1553,-0.36066422,-0.908528,0.5357821,0.18593481
1554,-0.27551475,-0.9536734,0.4977339,0.19589265
1555,-0.23286869,-0.771436,0.41865098,0.18732594
1556,-0.2131288,-0.83819675,0.4360463,0.17367859
1557,-0.2174933,-1.1017406,0.598755,0.14286593
1558,-0.22785649,-0.8312888,0.44606295,0.14386481
1559,-0.14364557,-0.74435973,0.40381965,0.155003
1560,-0.23033279,-0.7543835,0.45010036,0.14982605
1561,-0.2263468,-1.0607162,0.5227677,0.14933372
1562,-0.0779379,-0.9609153,0.41782677,0.18057679
1563,-0.15676008,-0.7917287,0.41551405,0.17230245
1564,-0.3251751,-1.0084989,0.47903657,0.24988188
1565,-0.2822665,-0.8674768,0.52154356,0.12872492
1566,-0.38832432,-0.76901454,0.466684,0.22268221
1567,-0.13382535,-0.74702924,0.38467202,0.18706496
1568,-0.08779573,-0.9725299,0.47216177,0.17394975
1569,-0.064525954,-0.86330897,0.42768806,0.054288816
1570,-0.22716384,-0.7689736,0.46497554,0.13724224
1571,-0.042645384,-1.0498388,0.47191915,0.094828
1572,-0.22808914,-0.9658577,0.5708373,0.13209996
1573,-0.03610886,-0.96630055,0.4258393,0.13614692
1574,-0.16888419,-0.96023214,0.4750603,0.15250784
1575,-0.29699346,-0.9340526,0.4756521,0.18070634
1576,-0.024509182,-0.9176963,0.40387815,0.11377452
1577,-0.26784188,-0.92766786,0.4693421,0.2373648
1578,-0.1836799,-0.82237226,0.47672066,0.12716722
1579,-0.29583466,-0.8409778,0.48029315,0.13684285
1580,-0.08307182,-0.924352,0.44885632,0.1593631
1581,-0.22715773,-0.95372057,0.49898094,0.1824016
1582,-0.25184357,-0.8414453,0.48579293,0.15672795
1583,-0.18015045,-0.93534356,0.45241484,0.15772292
1584,-0.11048247,-0.8168162,0.4450707,0.12147358
1585,-0.08753126,-0.8316216,0.4006521,0.16061065
1586,-0.3233564,-0.81082606,0.4650679,0.21801668
1587,-0.2118938,-0.9528513,0.5151483,0.15349424
1588,-0.10772148,-0.84482956,0.4738936,0.11522932
1589,-0.3843952,-0.9667001,0.49199113,0.288967
1590,-0.14285047,-0.78254414,0.43265763,0.13541375
1591,-0.18037218,-0.900133,0.44351768,0.18462609
1592,-0.2672075,-0.7360913,0.46888992,0.14796968
1593,-0.32153004,-0.7431069,0.46485066,0.23638952
1594,-0.20027956,-0.9568504,0.45843998,0.20637736
1595,-0.29409602,-0.8238359,0.5173905,0.18064508
1596,-0.11443678,-0.9499025,0.41397962,0.22035605
1597,-0.06659181,-1.0194021,0.44685596,0.09993181
1598,-0.20631708,-0.8777208,0.43741828,0.2196524
1599,-0.056473132,-0.956171,0.44819266,0.09522703
1600,-0.14058642,-1.0133302,0.4680899,0.14443024
1601,-0.16210206,-0.88146466,0.4539307,0.19939378
1602,-0.14460173,-0.79161924,0.42899194,0.14217663
1603,-0.13429005,-0.96046144,0.46119025,0.14125209
1604,0.022349374,-1.1098226,0.42984998,0.15034543
1605,-0.14404498,-0.84409124,0.46906936,0.12631552
1606,-0.11467192,-0.74656934,0.39925954,0.15951844
1607,-0.19822803,-0.8697498,0.4896908,0.13446595
1608,-0.3097313,-0.8663272,0.46964133,0.23293282
1609,-0.23419876,-0.79708034,0.42899108,0.21866216
1610,-0.2814495,-0.8780757,0.4964956,0.15639797
1611,-0.21363167,-0.85130376,0.40945652,0.2369761
1612,-0.31306237,-0.66367465,0.4583463,0.13735332
1613,-0.13390966,-0.99202263,0.47348782,0.14828567
1614,-0.25451103,-1.0024171,0.5200759,0.17940354
1615,-0.07436043,-1.0138142,0.44097042,0.12714647
1616,-0.20867476,-0.7407086,0.4241128,0.15608694
1617,-0.19385286,-0.8347128,0.4439316,0.16976304
1618,-0.28968403,-0.99792236,0.5109183,0.17867604
1619,-0.33014184,-0.85671735,0.5498388,0.14751162
1620,-0.21794872,-0.87895495,0.48636186,0.1887231
1621,-0.27550203,-0.9549604,0.48007217,0.20049731
1622,-0.33635253,-0.741489,0.47273815,0.20806928
1623,-0.30684412,-0.73437357,0.43402594,0.20404203
1624,-0.24963841,-0.7647772,0.5068117,0.13928138
1625,-0.33422855,-0.82217157,0.5102667,0.14304212
1626,-0.36849964,-0.9628178,0.48661062,0.24841611
1627,-0.10540358,-0.9303118,0.43028224,0.15591702
1628,-0.305502,-0.8089495,0.5099689,0.1154579
1629,-0.30911288,-1.1443775,0.54463863,0.24489018
1630,-0.10428932,-0.96874124,0.43600613,0.15676995
1631,-0.2461624,-0.9124496,0.50516367,0.17692396
1632,-0.1333925,-0.95984405,0.42514968,0.19199456
1633,-0.048181284,-1.0342598,0.39909205,0.09499088
1634,-0.20200032,-0.6797058,0.42829448,0.15684563
1635,-0.07163318,-1.1592423,0.4843034,0.15114234
1636,-0.2117713,-1.0782087,0.5003008,0.18200439
1637,-0.15653919,-0.9455311,0.4678675,0.09134466
1638,-0.30238378,-0.8558241,0.47259048,0.17686644
1639,-0.47116375,-0.82208574,0.5048545,0.27088833
1640,-0.2463291,-1.0440052,0.5160501,0.18174365
1641,-0.27079773,-0.7579455,0.45491555,0.22439869
1642,-0.33151945,-0.8794191,0.50465614,0.19028024
1643,-0.20594501,-0.9795904,0.48688787,0.14951545
1644,-0.19282009,-0.84486854,0.45046252,0.15624163
1645,-0.3860965,-0.8249994,0.51549864,0.17879146
1646,-0.2639798,-0.9099913,0.49921462,0.17320706
1647,-0.2182283,-0.9691054,0.42785618,0.21999606
1648,-0.1903373,-0.8047453,0.48997322,0.16665266
1649,-0.2943403,-0.8734368,0.47585514,0.16171914
1650,-0.21570317,-0.81284356,0.47532332,0.15897618
1651,-0.298915,-1.0023303,0.5339016,0.19399685
1652,-0.168941,-0.98518753,0.5050511,0.14838423
1653,-0.28034893,-0.80224884,0.48588315,0.13417502
1654,-0.1795733,-0.8883164,0.4601282,0.18251336
1655,-0.22332853,-0.85150915,0.40979934,0.24426611
1656,-0.13502297,-0.7757392,0.38920736,0.139154
1657,-0.33198866,-0.9443403,0.49401867,0.19175525
1658,-0.2831094,-0.83317983,0.48686665,0.1499895
1659,-0.1530666,-0.8597146,0.46126235,0.16140766
1660,-0.21988773,-1.0884478,0.51542854,0.14058128
1661,-0.097602196,-0.9974604,0.44092512,0.15209113
1662,-0.26660353,-0.97441113,0.5035926,0.20407878
1663,-0.16329955,-1.0288785,0.41495982,0.15861222
1664,-0.29936892,-0.8111095,0.44109523,0.20651221
1665,-0.2362101,-0.8453284,0.42306706,0.19169389
1666,-0.34425864,-0.7288907,0.49438623,0.1561452
1667,-0.12325839,-0.9182806,0.38016194,0.19375095
1668,-0.18282485,-0.8166854,0.46252465,0.11894387
1669,-0.22034842,-0.84659475,0.4152441,0.18004064
1670,-0.20847124,-0.8460956,0.46295255,0.1725591
1671,-0.15350534,-0.8581234,0.46237338,0.13179572
1672,-0.12630711,-1.0358623,0.5003157,0.12602103
1673,-0.20929489,-0.9870362,0.4717371,0.20055601
1674,-0.20172815,-0.9303351,0.44685268,0.15988246
1675,-0.267028,-0.92473596,0.4734549,0.21771641
1676,-0.36274695,-0.8761256,0.5403767,0.17962766
1677,-0.112399876,-0.92909795,0.44289944,0.12441986
1678,-0.17710428,-0.812305,0.40767163,0.22870441
1679,-0.41547287,-0.7954193,0.51619816,0.16288939
1680,-0.109304875,-1.0028952,0.43466577,0.18026523
1681,-0.32024434,-0.9011346,0.5043067,0.1643958
1682,-0.35849962,-0.9785295,0.50405985,0.18915255
1683,-0.16805542,-0.9670515,0.46885696,0.14796485
1684,-0.25100556,-0.95243657,0.4978335,0.1377746
1685,-0.32304356,-0.94498986,0.5174094,0.21291125
1686,-0.24930951,-0.871949,0.52840257,0.15736757
1687,-0.18620092,-1.0313802,0.39691874,0.29014203
1688,-0.28916,-0.7572477,0.44624242,0.23446262
1689,-0.26694277,-0.7472052,0.45681906,0.16199657
1690,-0.059778024,-0.89064413,0.4242337,0.09099062
1691,-0.24590598,-1.070613,0.49312028,0.21806811
1692,-0.23778495,-0.8419368,0.4561907,0.14188889
1693,-0.3836681,-0.9796422,0.5151293,0.21688405
1694,-0.23500493,-0.7752152,0.44132584,0.16769803
1695,-0.23221938,-0.8276125,0.46346357,0.18884344
1696,-0.26202077,-0.796231,0.48089635,0.123481974
1697,-0.23951507,-0.82893974,0.43667826,0.18818763
1698,-0.19478542,-0.9064903,0.48571938,0.11750536
1699,-0.11820636,-0.8808121,0.467499,0.1100059
1700,-0.2910753,-0.77130014,0.49364957,0.1846132
1701,-0.25444043,-0.9674016,0.51103216,0.19619107
1702,-0.12522762,-0.8206283,0.33123675,0.21939549
1703,-0.29363227,-0.7172337,0.43486646,0.21636301
1704,-0.10086282,-0.9872703,0.4371351,0.14735655
1705,-0.27290463,-0.9115578,0.46666706,0.22262879
1706,-0.10608526,-0.9679781,0.432515,0.17361602
1707,-0.3380505,-0.93341947,0.5520075,0.17529602
1708,-0.20174558,-0.88418555,0.46202683,0.18425582
1709,-0.2706688,-0.7752822,0.48287672,0.17376758
1710,-0.24005564,-1.0369198,0.5683017,0.11944247
1711,-0.14365606,-0.92395574,0.42063615,0.15579054
1712,-0.09857582,-1.0087461,0.48707458,0.15930931
1713,-0.10454575,-0.8907707,0.41230977,0.13140841
1714,-0.2593564,-0.7785221,0.43877208,0.21725753
1715,-0.18367212,-0.811113,0.42589104,0.18956743
1716,-0.37382296,-0.9179194,0.52288127,0.21089078
1717,-0.15101986,-1.0115654,0.48742795,0.1524366
1718,-0.18839021,-0.82806313,0.45746619,0.12974316
1719,-0.21267027,-0.77017003,0.45952058,0.16413711
1720,-0.008137199,-1.032379,0.42239317,0.16030586
1721,-0.2212818,-0.8787581,0.46111917,0.1499385
1722,-0.20919926,-0.989509,0.47667468,0.16165142
1723,-0.17354098,-0.96686417,0.53664285,0.15072966
1724,-0.10635718,-0.8485696,0.41084474,0.15516877
1725,-0.23566598,-0.93226045,0.49674904,0.22788417
1726,-0.20553304,-0.9249417,0.40658385,0.18006375
1727,-0.37270552,-0.70926166,0.49148622,0.21294531
1728,-0.2175684,-0.86714554,0.4490597,0.17688227
1729,-0.17884715,-0.79311657,0.43463218,0.17536236
1730,-0.21444899,-0.7709829,0.4327617,0.12339351
1731,-0.23944414,-0.881444,0.46648875,0.17717758
1732,-0.380777,-0.75922686,0.47169566,0.20121562
1733,-0.10425699,-1.0731927,0.48612702,0.1647681
1734,-0.29336542,-0.9197878,0.44449654,0.26065993
1735,-0.15189601,-0.8721986,0.49013653,0.10573359
1736,-0.19848697,-0.6243967,0.41891024,0.12046137
1737,-0.08968,-0.7415737,0.38631296,0.12437206
1738,-0.06957054,-0.91748434,0.4074577,0.15186444
1739,-0.13162689,-0.7848206,0.41876414,0.15376717
1740,-0.14135762,-0.88311136,0.4075753,0.18945862
1741,-0.20789406,-0.7912207,0.41454867,0.17671058
1742,-0.22331211,-0.84924906,0.46035224,0.14467281
1743,-0.20207423,-1.0291408,0.48795864,0.17402846
1744,-0.2506036,-0.92538536,0.48591357,0.20082207
1745,-0.103696994,-0.88118863,0.45527682,0.08488353
1746,-0.13340482,-0.72181755,0.42214677,0.1356773
1747,-0.24800101,-0.7591823,0.39588442,0.18123458
1748,-0.20128998,-0.73061067,0.41741017,0.16059147
1749,-0.16549349,-0.85399306,0.47552538,0.12855455
1750,-0.30432236,-0.75166184,0.49329334,0.17292224
1751,-0.22196524,-0.955132,0.50443524,0.16788869
1752,-0.2638947,-1.1064241,0.5488837,0.22293086
1753,-0.29806834,-0.92532736,0.51515394,0.1937231
1754,-0.019697566,-0.9650317,0.37259358,0.16466355
1755,-0.15033264,-1.0820366,0.51616186,0.16567008
1756,-0.3487332,-0.7924144,0.50629765,0.19185801
1757,-0.29199514,-0.9107122,0.5103185,0.20314017
1758,-0.28715518,-0.9597814,0.55532885,0.16605926
1759,-0.1856401,-0.8570742,0.43340272,0.13492464
1760,-0.10273089,-0.9046188,0.423809,0.14775056
1761,-0.24532035,-0.9058743,0.4777472,0.16861507
1762,-0.10214279,-0.9889058,0.4719259,0.100506596
1763,-0.2103469,-1.0501432,0.5251724,0.11658399
1764,-0.056923788,-0.8707714,0.4076484,0.15213081
1765,-0.12327256,-0.91935533,0.42522457,0.16738497
1766,-0.22751176,-0.87382126,0.4535568,0.18518482
1767,-0.31001148,-0.96959376,0.5111562,0.23994151
1768,-0.25677463,-0.8745239,0.47342405,0.19225688
1769,-0.08844923,-0.9313082,0.4242127,0.107510805
1770,-0.07054317,-1.0827811,0.5026422,0.11073158
1771,-0.35581186,-0.8856513,0.48435095,0.23106995
1772,-0.22167379,-0.974663,0.53177893,0.11358421
1773,-0.11694798,-1.0108722,0.45912942,0.12500386
1774,-0.24450621,-0.6904471,0.4525845,0.19232576
1775,-0.47248054,-0.96946514,0.6093672,0.21693222
1776,-0.41312072,-0.83941674,0.56601274,0.15650664
1777,-0.14801508,-0.80887413,0.40034446,0.21699494
1778,-0.17399636,-0.8908802,0.4400682,0.1621451
1779,-0.069482625,-1.052827,0.45151043,0.10343022
1780,-0.24792103,-0.9111761,0.44947624,0.21344882
1781,-0.08394352,-0.893093,0.40039232,0.17447487
1782,-0.28211197,-0.9591793,0.59762275,0.0949407
1783,-0.15420382,-1.0213878,0.49412555,0.123690836
1784,-0.22739537,-0.91582745,0.4153912,0.20422527
1785,-0.1757774,-1.0601381,0.5213726,0.18990114
1786,-0.09383139,-0.8299659,0.4199609,0.16635847
1787,-0.050766528,-1.0861274,0.41674575,0.16662216
1788,-0.28847998,-1.049854,0.49038628,0.21802817
1789,-0.38142204,-0.8088928,0.54767096,0.14996229
1790,-0.14658515,-0.9361544,0.49098787,0.13822569
1791,-0.23922451,-0.9198086,0.44732186,0.19212343
1792,-0.25782043,-0.72214025,0.4613028,0.125026
1793,-0.21631712,-0.7680817,0.44658512,0.13577527
1794,-0.23811124,-0.7577384,0.48561838,0.14473876
1795,-0.20327936,-0.8876871,0.48243365,0.141642
1796,-0.25864723,-0.9254032,0.4990736,0.14000049
1797,-0.3443619,-0.8252277,0.4490573,0.22910848
1798,-0.34043783,-0.7520338,0.50174284,0.17079984
1799,-0.21248987,-0.937657,0.5515326,0.15021777
1800,-0.25985253,-0.80346024,0.49750903,0.13475342
1801,0.039878473,-1.0488156,0.4197363,0.0900978
1802,-0.09814145,-0.9968681,0.49942705,0.10784279
1803,-0.08225861,-1.0914353,0.51837283,0.13422959
1804,-0.06719285,-1.0292981,0.47560954,0.1265111
1805,-0.19069622,-1.0107554,0.5385609,0.1291486
1806,-0.22106557,-0.81573325,0.46015513,0.15239073
1807,-0.29272747,-0.9630863,0.4704669,0.22797137
1808,-0.25150672,-0.75788635,0.41572836,0.16506018
1809,-0.32883373,-0.83617204,0.4812567,0.17991014
1810,-0.36794278,-0.7023132,0.4900724,0.21694551
1811,-0.12029104,-0.98234904,0.46317318,0.1587324
1812,-0.23096545,-0.9686362,0.4682977,0.20840888
1813,-0.22807585,-0.91786605,0.45000827,0.20986591
1814,-0.33244404,-0.830742,0.47127366,0.17839505
1815,-0.14159933,-0.8816628,0.43727398,0.14264673
1816,-0.2378991,-0.7950831,0.4847615,0.15470816
1817,-0.1623186,-0.82794976,0.45036626,0.17196101
1818,-0.30890888,-0.8633964,0.47696474,0.20733579
1819,-0.19721638,-0.9242187,0.4487759,0.19034994
1820,-0.18234584,-0.92492396,0.43079025,0.1727743
1821,-0.3093359,-0.7606924,0.48273098,0.21142782
1822,-0.29098958,-1.0890048,0.5074353,0.21715742
1823,-0.30455542,-0.9750706,0.49871793,0.20139849
1824,-0.30144253,-0.7429772,0.48330447,0.21165301
1825,-0.3096399,-0.89919627,0.49640745,0.21033265
1826,-0.27693382,-0.9707617,0.52731085,0.1671508
1827,-0.18539974,-0.87113696,0.44089603,0.21025275
1828,-0.28424674,-0.92005867,0.5101955,0.19232886
1829,-0.17144239,-1.0514457,0.46140212,0.17144513
1830,-0.3781546,-0.74286973,0.47953004,0.13838415
1831,-0.3058626,-0.84232104,0.46341166,0.19842945
1832,-0.16469313,-0.7926017,0.43830758,0.13522036
1833,-0.30739006,-0.9490178,0.53992033,0.19185428
1834,-0.21981724,-0.73530996,0.43268207,0.17450823
1835,-0.27070862,-0.95596176,0.49623767,0.23008709
1836,-0.26596877,-0.75135744,0.4662787,0.18603288
1837,-0.2665901,-0.7765117,0.47758028,0.123279534
1838,-0.3925435,-0.8724062,0.5517957,0.2122248
1839,-0.20642906,-1.1446733,0.4872294,0.21934794
1840,-0.23103322,-0.93823487,0.47507954,0.2327417
1841,-0.23158982,-0.8503133,0.47126743,0.15517847
1842,-0.3007033,-0.8953012,0.44016558,0.22847508
1843,-0.29912567,-0.78307664,0.4804778,0.17493433
1844,-0.22753327,-0.81363755,0.49717566,0.11439059
1845,-0.1751202,-0.9287895,0.4344436,0.21058819
1846,-0.16144902,-0.8610116,0.47223398,0.0984568
1847,-0.18914433,-0.9740004,0.50131977,0.13524319
1848,-0.28523263,-0.8944745,0.49630737,0.20015152
1849,-0.16694814,-0.9024192,0.44181848,0.17883053
1850,-0.32275772,-0.74881643,0.4362035,0.22746484
1851,-0.22074763,-0.9629989,0.44890702,0.20923404
1852,-0.3556996,-0.862439,0.567958,0.16665792
1853,-0.116204195,-1.0012383,0.46286127,0.15323153
1854,-0.25511414,-0.9351926,0.4548225,0.21148136
1855,-0.2637555,-0.62647545,0.47170663,0.15094897
1856,-0.2502765,-0.94682276,0.51310253,0.1759008
1857,-0.12619111,-1.0150112,0.4730342,0.16713606
1858,-0.22569749,-0.9705801,0.5038866,0.13922885
1859,-0.29049426,-0.79218245,0.4780969,0.20062847
1860,-0.08639107,-1.0961496,0.4751875,0.13633643
1861,-0.3658989,-1.0285065,0.57066846,0.21746877
1862,-0.058071323,-0.98790246,0.41314808,0.15874894
1863,-0.1220745,-0.9665874,0.487775,0.16276525
1864,-0.14293188,-0.95087945,0.4618911,0.1731425
1865,-0.2977916,-0.9045423,0.5284381,0.13064782
1866,-0.19496168,-0.9464311,0.49935746,0.17887254
1867,-0.285285,-0.76725966,0.4171904,0.26254967
1868,-0.2782394,-0.91154265,0.4721905,0.17731611
1869,-0.20716898,-0.89751416,0.51099896,0.075500034
1870,-0.36849046,-0.7479238,0.50082123,0.2165578
1871,-0.117663786,-0.90434676,0.4615739,0.1219228
1872,-0.23629096,-1.007625,0.4586818,0.22620954
1873,-0.24511713,-0.8066908,0.45847362,0.15519533
1874,-0.12056525,-0.94487244,0.44036746,0.12986003
1875,-0.21248299,-0.854585,0.45025408,0.15737237
1876,-0.06663174,-0.8920047,0.43395945,0.07599459
1877,-0.08544838,-0.86951834,0.41128945,0.15200722
1878,-0.4084535,-0.91918653,0.6111898,0.17451946
1879,-0.19754663,-1.1366087,0.5307547,0.13373469
1880,-0.24734777,-0.870952,0.4404121,0.26366797
1881,-0.25178567,-1.0033249,0.5246316,0.1704401
1882,-0.017262146,-0.91430914,0.46703684,0.06758874
1883,-0.3345233,-0.929321,0.517612,0.19119516
1884,-0.39101312,-0.7849371,0.51885384,0.1810889
1885,-0.2756578,-0.7584245,0.45073068,0.19819292
1886,-0.19275552,-0.81121105,0.4440887,0.113676764
1887,-0.26125717,-0.82253504,0.49086237,0.19663304
1888,-0.2773512,-1.0156946,0.5480639,0.17674208
1889,-0.23676208,-0.9691497,0.48000157,0.202859
1890,-0.26113814,-1.1140329,0.49616936,0.22338893
1891,-0.25476602,-1.0193594,0.4939612,0.18409264
1892,-0.24675825,-0.95943785,0.50151485,0.17652808
1893,-0.37074175,-0.72620267,0.50258887,0.17864227
1894,-0.26851133,-0.9255463,0.5337559,0.10543755
1895,-0.22169062,-0.8801364,0.44531453,0.16904643
1896,-0.13864064,-0.96504354,0.46117088,0.114257045
1897,-0.2823348,-0.77639216,0.46933514,0.26198193
1898,-0.22950333,-0.98544174,0.4428501,0.18816884
1899,-0.1511862,-1.0641154,0.49333522,0.18175657
1900,-0.27235165,-0.8579404,0.48602375,0.086560234
1901,-0.112471886,-1.0297643,0.44174662,0.16597067
1902,-0.28439793,-0.82280755,0.44131854,0.2013861
1903,-0.19865902,-0.74752754,0.379821,0.21225081
1904,-0.31092504,-0.7396527,0.46937916,0.162846
1905,-0.2767262,-1.034487,0.5574565,0.13340369
1906,-0.14585342,-1.0524364,0.48684356,0.17786805
1907,-0.3323961,-0.88287765,0.50959724,0.16159622
1908,-0.17864224,-1.1364144,0.54943705,0.15014431
1909,-0.2204551,-0.81371164,0.42466426,0.21310923
1910,-0.09507059,-0.9584553,0.4438837,0.11412536
1911,-0.31571448,-0.97604054,0.50823826,0.18383007
1912,-0.17130372,-0.9628098,0.46710277,0.12803906
1913,-0.2191607,-0.91030914,0.46842587,0.16493212
1914,-0.12571207,-0.8389484,0.42220822,0.18186748
1915,-0.30053458,-0.7801195,0.4840208,0.19949578
1916,-0.29983535,-0.80053246,0.4907216,0.18086042
1917,-0.29555392,-0.88957393,0.5362043,0.20696114
1918,-0.24568516,-0.86591494,0.49047548,0.16407952
1919,-0.28538924,-0.87964696,0.54041123,0.13729066
1920,-0.25608635,-0.85199934,0.47172543,0.20693825
1921,-0.08281729,-0.83976334,0.4090464,0.15311138
1922,-0.16392449,-0.8796226,0.4585376,0.20456088
1923,-0.26138508,-0.8242943,0.49461833,0.18635947
1924,-0.2466127,-0.86297816,0.51965815,0.17171961
1925,-0.09399161,-1.0090897,0.42249256,0.15888007
1926,-0.25441226,-0.8612664,0.4704248,0.21877258
1927,-0.37436837,-0.76904315,0.5165108,0.20015769
1928,-0.18323413,-0.8279945,0.4439056,0.12956285
1929,-0.11704723,-0.8491895,0.38505247,0.17898963
1930,-0.2165352,-0.91274625,0.46628448,0.17106313
1931,-0.21046491,-0.87311035,0.4660745,0.15652958
1932,-0.07562914,-0.89988035,0.40415674,0.08988358
1933,-0.15113974,-1.0279682,0.4191538,0.1856916
1934,-0.21793127,-0.88034856,0.50755125,0.15781392
1935,-0.1787109,-0.96494615,0.42011654,0.19191663
1936,-0.2864183,-0.7500606,0.45309824,0.15843502
1937,-0.30234447,-0.96518284,0.51368827,0.16800159
1938,-0.10590004,-0.91961133,0.42486897,0.19527997
1939,-0.34509298,-0.88196707,0.5399935,0.16097178
1940,-0.2816066,-0.8521076,0.5219523,0.1843779
1941,-0.105438635,-0.9102513,0.4392446,0.1262133
1942,-0.107659794,-1.0096712,0.47785047,0.13088593
1943,-0.21668935,-0.876591,0.50066704,0.1462303
1944,-0.40825263,-0.7970859,0.51551217,0.23049983
1945,-0.2708535,-0.83799124,0.47737998,0.13595143
1946,-0.2707638,-0.6769035,0.4554065,0.18769145
1947,-0.11158886,-1.0817518,0.48103547,0.15618496
1948,-0.26481417,-0.9374166,0.450305,0.26451957
1949,-0.14649197,-0.8876144,0.4708048,0.14687961
1950,-0.1720674,-0.98510826,0.46408382,0.14482532
1951,-0.08936301,-1.0906063,0.49477908,0.13623945
1952,-0.29318884,-0.8328453,0.48488018,0.13860501
1953,-0.37590614,-0.9211947,0.56542295,0.17483446
1954,-0.2092622,-0.9585679,0.46853963,0.15755264
1955,-0.33538708,-0.8141774,0.5274683,0.18514104
1956,-0.21325053,-0.94688207,0.4750934,0.20584309
1957,-0.23815832,-0.9211993,0.5152804,0.1622571
1958,-0.051376484,-0.7728805,0.3955105,0.11782943
1959,-0.11703798,-1.1988199,0.50286806,0.18127675
1960,-0.28874618,-0.9767776,0.526184,0.1848107
1961,-0.3361708,-0.7996278,0.46841893,0.20121548
1962,-0.25749132,-0.98525697,0.51232666,0.16222912
1963,-0.15467179,-0.967405,0.47849143,0.13511145
1964,-0.18024263,-0.9211006,0.48529255,0.20305595
1965,-0.25801653,-0.7579573,0.49319124,0.14833598
1966,-0.2721271,-1.056932,0.52555925,0.23119093
1967,-0.22821443,-0.6747091,0.44235528,0.16172655
1968,-0.16532074,-0.84480506,0.4456217,0.15396959
1969,-0.5054162,-0.741688,0.54190135,0.24978714
1970,-0.31772786,-0.89276433,0.51240236,0.22753564
1971,-0.35709035,-1.0009723,0.50462985,0.2300158
1972,-0.31940207,-0.8369306,0.51091564,0.17393821
1973,-0.058038358,-1.0900186,0.40248546,0.218673
1974,-0.25727287,-0.8799447,0.46805495,0.18335842
1975,-0.20782922,-0.81045115,0.4794808,0.16915338
1976,-0.40659952,-0.9232956,0.5161786,0.24075939
1977,-0.22218402,-0.9347305,0.45477286,0.16198981
1978,-0.29339844,-0.9206348,0.4536434,0.21834722
1979,-0.21558747,-1.0257647,0.5066825,0.17190334
1980,-0.2273886,-0.9220895,0.45672634,0.17640373
1981,-0.11632944,-0.74546164,0.4277738,0.100603566
1982,-0.21764323,-0.9036158,0.44716,0.18950826
1983,-0.20180207,-0.8455684,0.48613814,0.15154625
1984,-0.34560212,-0.87286764,0.47579765,0.22009277
1985,-0.2599447,-0.9025514,0.49760792,0.1662084
1986,-0.21904668,-0.8629947,0.47048846,0.15078865
1987,-0.22002104,-0.79969543,0.4457116,0.1200787
1988,-0.22472663,-0.86232406,0.4863503,0.1432697
1989,-0.23393537,-0.9716148,0.54900765,0.12160432
1990,-0.19792037,-0.9271463,0.4677792,0.18122178
1991,-0.32129842,-0.8055882,0.5266548,0.17058235
1992,-0.3180738,-0.68768096,0.4476883,0.12924351
1993,-0.25955245,-0.8939106,0.47604164,0.20899878
1994,-0.015493548,-1.1093818,0.44225243,0.11374153
1995,-0.092065684,-0.7688051,0.42011634,0.13306503
1996,-0.3609583,-0.9120176,0.49603856,0.21621877
1997,-0.3274528,-0.9022014,0.53950393,0.20436826
1998,-0.01602776,-0.9238063,0.42032933,0.094590865
1999,-0.2488063,-1.1146802,0.51630825,0.21181823
