,0,1,2
0,0.9507733,-0.16082355,0.061250627
1,0.9946775,-0.16217226,0.061121758
2,0.96798813,-0.15549643,0.05317137
3,0.9817543,-0.15834256,0.05712554
4,0.949123,-0.14311263,0.0573903
5,0.9580413,-0.1569798,0.06342831
6,0.9674606,-0.15451132,0.06084101
7,0.96515,-0.1523065,0.068728864
8,0.95468396,-0.15338217,0.04831342
9,0.953891,-0.14558175,0.048580084
10,0.97787523,-0.15917401,0.06230474
11,0.94599015,-0.15469286,0.045616128
12,0.9427329,-0.14895451,0.055948384
13,0.956756,-0.14905888,0.059591167
14,0.9662773,-0.14209183,0.059185687
15,0.97970253,-0.16391006,0.07450366
16,0.9560115,-0.1601818,0.059802346
17,0.9622262,-0.15845084,0.06163886
18,0.9517656,-0.14684333,0.05751229
19,0.9595704,-0.15318939,0.052931696
20,0.9660192,-0.1606988,0.05586344
21,0.9774561,-0.15666577,0.060594395
22,0.9710916,-0.15034561,0.06082482
23,0.96321684,-0.15290314,0.05435666
24,0.97118413,-0.16429302,0.05691949
25,0.9720296,-0.16605459,0.0645765
26,0.9590143,-0.14934672,0.05821558
27,0.9600838,-0.15094125,0.05801061
28,0.95569754,-0.15531297,0.05413144
29,0.9547742,-0.14665379,0.05466759
30,0.95683396,-0.15213041,0.06318701
31,0.95417994,-0.15848702,0.047709342
32,0.9635094,-0.1523997,0.05311138
33,0.97124773,-0.14355733,0.054645214
34,0.9612401,-0.1561855,0.055714164
35,0.96248597,-0.14972398,0.05400847
36,0.9646732,-0.15000203,0.067922495
37,0.9676366,-0.15940525,0.0550164
38,0.9678358,-0.147581,0.050360646
39,0.9810973,-0.14934045,0.042787027
40,0.9605669,-0.1505568,0.04646117
41,0.9605093,-0.14003788,0.05221134
42,0.9724708,-0.15809366,0.04618355
43,0.9392809,-0.15400545,0.051343046
44,0.96708727,-0.15378696,0.054186665
45,0.9582712,-0.14844574,0.058656525
46,0.9678844,-0.1624704,0.06023953
47,0.9449277,-0.1414267,0.051591165
48,0.95000756,-0.14520171,0.052898224
49,0.9415534,-0.14628105,0.062951446
50,0.9678824,-0.15423456,0.053050563
51,0.9736007,-0.15587872,0.06235291
52,0.9717064,-0.15445551,0.056798115
53,0.9469408,-0.15276814,0.056323733
54,0.953693,-0.14815834,0.060756553
55,0.979587,-0.1694884,0.050220057
56,0.94955605,-0.15659776,0.054453876
57,0.962868,-0.15066986,0.054917034
58,0.9577268,-0.14868163,0.064289756
59,0.9699427,-0.14704427,0.061688572
60,0.94600046,-0.15149353,0.0599016
61,0.9613466,-0.14771613,0.052864153
62,0.9586865,-0.13630731,0.06536295
63,0.9581581,-0.147585,0.053637642
64,0.9470668,-0.1400316,0.062141497
65,0.96591085,-0.15638821,0.061250743
66,0.9552755,-0.1497677,0.06833509
67,0.93634826,-0.13750513,0.056444548
68,0.9506403,-0.14909716,0.05478264
69,0.96459454,-0.14919065,0.05312029
70,0.9541653,-0.14790837,0.051139485
71,0.96453774,-0.15134497,0.056948088
72,0.95094097,-0.1588285,0.052679013
73,0.9438791,-0.15096238,0.051772296
74,0.9657901,-0.14539333,0.053059544
75,0.9618996,-0.16288511,0.051494546
76,0.9713599,-0.16029467,0.042797796
77,0.9448487,-0.1369115,0.05307867
78,0.98586565,-0.16483107,0.06428272
79,0.9675263,-0.14286754,0.06336054
80,0.9550455,-0.1387364,0.052614845
81,0.9432143,-0.1603989,0.065080255
82,0.9432044,-0.15812878,0.054571144
83,0.9476381,-0.14572163,0.057643384
84,0.950252,-0.15063615,0.059914373
85,0.97516716,-0.1567264,0.058508445
86,0.969911,-0.14918587,0.060556866
87,0.96459025,-0.15272263,0.055714015
88,0.96805626,-0.15094537,0.059273344
89,0.9643009,-0.15274452,0.051941533
90,0.9518422,-0.14472565,0.057568204
91,0.95465183,-0.15246928,0.052335143
92,0.974474,-0.14357136,0.063642174
93,0.96585774,-0.16594882,0.051036693
94,0.97058815,-0.1563301,0.0420746
95,0.96555513,-0.14947692,0.07243941
96,0.9642992,-0.1583618,0.05991836
97,0.95644933,-0.16146727,0.048154544
98,0.96166265,-0.14601776,0.049684808
99,0.9577004,-0.16275814,0.051618055
100,0.96420586,-0.17243043,0.050978996
101,0.94503266,-0.14149654,0.069005035
102,0.9617376,-0.1528765,0.05073604
103,0.96127015,-0.16195688,0.06215725
104,0.9917287,-0.15639785,0.054605965
105,0.94776016,-0.13930811,0.052570187
106,0.98155004,-0.15535559,0.047385555
107,0.9575488,-0.13844258,0.059753478
108,0.9576497,-0.1457466,0.050611608
109,0.9487546,-0.14817137,0.048669934
110,0.93129647,-0.13053152,0.060137767
111,0.9456437,-0.1542406,0.054930378
112,0.97453296,-0.1496875,0.056129668
113,0.9691714,-0.15751824,0.057677194
114,0.9428419,-0.1467969,0.061810736
115,0.96719784,-0.13915811,0.06061399
116,0.94192517,-0.14925528,0.0642351
117,0.96926916,-0.15393616,0.062301602
118,0.9594125,-0.13603488,0.05756032
119,0.9693451,-0.14779909,0.050295573
120,0.97007686,-0.15961832,0.061053853
121,0.9711099,-0.15012285,0.044165898
122,0.94319355,-0.1421049,0.05912849
123,0.95304704,-0.14729753,0.0623451
124,0.95232034,-0.15036638,0.05265507
125,0.96544987,-0.15962724,0.060785618
126,0.98036474,-0.16036452,0.054712463
127,0.96526843,-0.1499806,0.060777687
128,0.9695053,-0.1526364,0.058234558
129,0.97020984,-0.15595831,0.053436097
130,0.961869,-0.15094127,0.055778924
131,0.9403329,-0.15056174,0.06587945
132,0.96146655,-0.15443489,0.055377692
133,0.95391065,-0.13665998,0.05050739
134,0.96389216,-0.14859086,0.057052396
135,0.9533695,-0.15301543,0.051306386
136,0.9749635,-0.16583063,0.06497638
137,0.97363925,-0.14770162,0.06553398
138,0.96434194,-0.14657371,0.04857817
139,0.958682,-0.1576983,0.06572749
140,0.949884,-0.15659454,0.051673353
141,0.947664,-0.14995241,0.038044203
142,0.9534203,-0.15210512,0.056311674
143,0.949603,-0.1444523,0.067422114
144,0.96182036,-0.15535669,0.05501683
145,0.95991963,-0.1529867,0.05730061
146,0.9589186,-0.15480754,0.048038777
147,0.94935805,-0.14958142,0.059213173
148,0.9475324,-0.14367835,0.06512364
149,0.97355914,-0.16566528,0.05620229
150,0.9743401,-0.14877757,0.055475958
151,0.957552,-0.1511912,0.048320618
152,0.95423263,-0.15526073,0.05585183
153,0.96008515,-0.14574681,0.04994798
154,0.9557692,-0.1470891,0.054478046
155,0.95552754,-0.15665792,0.06818183
156,0.96513045,-0.16575433,0.05326522
157,0.9669968,-0.14603072,0.05475599
158,0.9410183,-0.14147057,0.05698722
159,0.95069253,-0.15048482,0.05336716
160,0.9650655,-0.16192204,0.061017886
161,0.9722552,-0.1555676,0.058316264
162,0.97601825,-0.1637757,0.05495779
163,0.93490624,-0.1478183,0.0616362
164,0.95094806,-0.13979621,0.057736237
165,0.9378613,-0.13764717,0.063065425
166,0.9738695,-0.15753992,0.059786122
167,0.97558874,-0.16060336,0.06379616
168,0.9694863,-0.14092927,0.051806998
169,0.9513611,-0.1390968,0.058060974
170,0.9511116,-0.15306157,0.05939722
171,0.9519855,-0.16228592,0.06281482
172,0.94954276,-0.15069772,0.04895214
173,0.9739141,-0.15384193,0.054463066
174,0.9676163,-0.14461336,0.05627058
175,0.96808463,-0.14564988,0.045934442
176,0.9658427,-0.14544904,0.059459057
177,0.96272725,-0.1539158,0.050995484
178,0.9666681,-0.15288177,0.06301869
179,0.964292,-0.15796946,0.047498666
180,0.9593197,-0.15821373,0.060348373
181,0.9691387,-0.15681677,0.055803582
182,0.97064435,-0.1533252,0.0561385
183,0.9748775,-0.14137408,0.051759016
184,0.9419863,-0.1381471,0.060536537
185,0.96904796,-0.14793144,0.050868597
186,0.95489335,-0.14577371,0.062274996
187,0.9580491,-0.15001577,0.045291793
188,0.9717206,-0.16536975,0.047321267
189,0.96060425,-0.14686134,0.057044044
190,0.9518079,-0.14806381,0.055276282
191,0.96788067,-0.16446732,0.052140687
192,0.9733686,-0.15281662,0.048982546
193,0.95207703,-0.15485628,0.05764355
194,0.9742833,-0.15574807,0.060248856
195,0.9608789,-0.1489135,0.057103116
196,0.9617744,-0.15972161,0.059497308
197,0.9770404,-0.15793575,0.057714112
198,0.9651178,-0.15280582,0.064164445
199,0.95310795,-0.13414569,0.049499616
200,0.95800173,-0.15951328,0.057632998
201,0.9570525,-0.14322798,0.059600223
202,0.95622694,-0.15014221,0.05357245
203,0.9541305,-0.14216432,0.061767593
204,0.9679175,-0.1575524,0.05542676
205,0.95878285,-0.14834256,0.059596907
206,0.96637565,-0.15558554,0.058564663
207,0.9530915,-0.14578702,0.049128365
208,0.96529996,-0.1511034,0.060533196
209,0.9584097,-0.15066487,0.05595695
210,0.94890106,-0.15491089,0.057069976
211,0.95798904,-0.14478746,0.056733992
212,0.9852506,-0.16154991,0.06134237
213,0.9640135,-0.14790767,0.06436694
214,0.95388716,-0.1489883,0.06036071
215,0.9572137,-0.15418702,0.06570337
216,0.9634666,-0.15455744,0.067013934
217,0.9635674,-0.1611992,0.057069134
218,0.97297895,-0.1599724,0.0591556
219,0.94767296,-0.14275461,0.061013464
220,0.9548223,-0.14618082,0.064195015
221,0.95078975,-0.14381804,0.052392047
222,0.9649511,-0.15600063,0.0572628
223,0.9681562,-0.15565193,0.056327153
224,0.9472621,-0.14431234,0.054979052
225,0.9565756,-0.1434209,0.061124243
226,0.95983225,-0.13883206,0.057859994
227,0.9669962,-0.15560763,0.050689712
228,0.9606409,-0.16103527,0.055143315
229,0.96589494,-0.15128428,0.05211764
230,0.9720877,-0.1596328,0.069090895
231,0.9666126,-0.15570223,0.054505225
232,0.9561288,-0.14543147,0.07240815
233,0.94944155,-0.14871827,0.065642186
234,0.9757735,-0.14900088,0.053109653
235,0.949008,-0.14243323,0.07007725
236,0.95824,-0.1504399,0.05424303
237,0.95321727,-0.15871261,0.041778542
238,0.96843845,-0.14863229,0.063135795
239,0.9531059,-0.14543274,0.052866165
240,0.9644758,-0.15303227,0.05341464
241,0.94666505,-0.14781995,0.05838095
242,0.9663433,-0.1472435,0.059022266
243,0.95805895,-0.14976674,0.04879176
244,0.9567757,-0.15275832,0.06425828
245,0.95934045,-0.14354241,0.051362354
246,0.95234036,-0.14742848,0.060484074
247,0.9513248,-0.15719941,0.060273293
248,0.96901494,-0.13808769,0.058578223
249,0.963204,-0.14159551,0.04866322
250,0.9680026,-0.14597498,0.05945548
251,0.9641228,-0.13996574,0.05347391
252,0.9534284,-0.15318975,0.06639847
253,0.9590386,-0.1489958,0.05095253
254,0.9655455,-0.1554614,0.054893196
255,0.9618307,-0.1521247,0.055011507
256,0.9723482,-0.1500307,0.05525189
257,0.96903944,-0.14987619,0.05834888
258,0.96769446,-0.15386485,0.055936646
259,0.9627543,-0.15006605,0.04850261
260,0.9520501,-0.15419447,0.0492083
261,0.9709973,-0.15052296,0.047758933
262,0.9722486,-0.16504093,0.053106796
263,0.9612475,-0.15846486,0.04381776
264,0.9567925,-0.14969712,0.055097926
265,0.97016233,-0.15438159,0.056915384
266,0.9664411,-0.1576555,0.053790346
267,0.96499825,-0.15403223,0.056842938
268,0.96065927,-0.15116088,0.054565437
269,0.9555757,-0.1462194,0.051647913
270,0.96186566,-0.15396294,0.049098857
271,0.98366207,-0.1545795,0.049122177
272,0.9361822,-0.15056515,0.058227237
273,0.9573488,-0.15351059,0.051868893
274,0.9627305,-0.15911113,0.06337711
275,0.9546927,-0.16122706,0.064040706
276,0.96058166,-0.1470108,0.04602178
277,0.9658537,-0.15506148,0.054677285
278,0.95410675,-0.15044448,0.055430412
279,0.95011157,-0.14447466,0.06521071
280,0.96581167,-0.15182132,0.06022325
281,0.9497574,-0.14552476,0.04799107
282,0.9662344,-0.15979584,0.054950055
283,0.98464257,-0.16183212,0.0588988
284,0.95421654,-0.15400416,0.053931564
285,0.9575084,-0.15500754,0.04846128
286,0.9656269,-0.14344499,0.05515626
287,0.95647657,-0.15676454,0.051996898
288,0.97879046,-0.14786218,0.05596887
289,0.94820374,-0.16002057,0.06585311
290,0.9740007,-0.14661548,0.05519748
291,0.95825815,-0.16598591,0.04923732
292,0.96052986,-0.15021539,0.049351674
293,0.94763607,-0.14339736,0.058215037
294,0.9476054,-0.15276963,0.06418769
295,0.964159,-0.14269532,0.047222804
296,0.9594326,-0.15468866,0.06679301
297,0.9551788,-0.1592604,0.050466828
298,0.96582276,-0.13860096,0.062494844
299,0.9696327,-0.1558536,0.05541459
300,0.9646007,-0.143485,0.05090117
301,0.9660082,-0.15351138,0.06611031
302,0.972461,-0.14863598,0.05627483
303,0.95652443,-0.15523717,0.053426746
304,0.9559719,-0.15201046,0.051028095
305,0.97571045,-0.1446615,0.059075065
306,0.95290494,-0.1435542,0.056723706
307,0.9463655,-0.15372601,0.067213364
308,0.9909117,-0.16529274,0.062308095
309,0.95637834,-0.13963844,0.056866333
310,0.9476297,-0.1449861,0.059012946
311,0.9613446,-0.13439982,0.06102756
312,0.95309824,-0.15281929,0.065959826
313,0.9795934,-0.14598632,0.0566607
314,0.9388692,-0.14883672,0.060448974
315,0.97175694,-0.15815122,0.064320706
316,0.9575182,-0.16551135,0.06264863
317,0.96894974,-0.14460538,0.057981063
318,0.9591264,-0.15817064,0.061964586
319,0.944839,-0.14153112,0.055585917
320,0.96864015,-0.14618085,0.05381254
321,0.9596484,-0.16042301,0.052691415
322,0.973648,-0.15890943,0.07162051
323,0.9755052,-0.1583466,0.06296716
324,0.94590867,-0.14718631,0.05705126
325,0.9551305,-0.1549484,0.05031198
326,0.9592104,-0.14909765,0.063283436
327,0.96737313,-0.14919457,0.05551309
328,0.9644113,-0.15192233,0.055260435
329,0.9650833,-0.15243568,0.06452213
330,0.96769065,-0.15022087,0.054434422
331,0.97937787,-0.16300315,0.06143168
332,0.9727525,-0.14844556,0.06541381
333,0.94821036,-0.1556769,0.059618086
334,0.95914656,-0.1562449,0.06300705
335,0.9606734,-0.14364243,0.053703945
336,0.9617136,-0.1563328,0.051433574
337,0.973772,-0.1442412,0.046406277
338,0.9387321,-0.14353028,0.050309587
339,0.9628023,-0.15447874,0.058577392
340,0.9671877,-0.15555415,0.059923854
341,0.967679,-0.14560819,0.05171186
342,0.9535065,-0.15961199,0.056628104
343,0.9568864,-0.14699627,0.061650485
344,0.9542754,-0.15123013,0.057454426
345,0.9512746,-0.14610305,0.055490326
346,0.9685357,-0.14926213,0.051889785
347,0.9637996,-0.15032065,0.05074061
348,0.937044,-0.14121732,0.045288462
349,0.9605591,-0.16034542,0.066160485
350,0.9607332,-0.15303503,0.06201093
351,0.9325465,-0.14334105,0.06640993
352,0.95783186,-0.14216338,0.06455998
353,0.9424044,-0.13690458,0.0614709
354,0.96802,-0.15141343,0.056737922
355,0.9764543,-0.1680026,0.057879556
356,0.95829445,-0.15168245,0.055102058
357,0.9586864,-0.15229076,0.06563677
358,0.95302635,-0.14735653,0.04872255
359,0.9630739,-0.13800758,0.051243752
360,0.9575308,-0.14399524,0.06359371
361,0.95896125,-0.15484084,0.058187332
362,0.9715141,-0.15180475,0.057123117
363,0.9527649,-0.15219463,0.052338324
364,0.96701545,-0.14632006,0.05853347
365,0.96035933,-0.16213138,0.058332615
366,0.97715634,-0.15200014,0.057419993
367,0.9662504,-0.15303317,0.058048304
368,0.9552334,-0.14361547,0.05823678
369,0.97046536,-0.15337898,0.058443744
370,0.9662712,-0.14807807,0.057296395
371,0.97211313,-0.15433288,0.053530373
372,0.97978336,-0.15568466,0.051714767
373,0.9552548,-0.14898682,0.04395808
374,0.95931244,-0.14576955,0.067244805
375,0.9693715,-0.15848497,0.041453954
376,0.95929146,-0.1572706,0.06214289
377,0.96964127,-0.16064718,0.05195027
378,0.9397885,-0.1497643,0.057073828
379,0.9580711,-0.15583235,0.06790022
380,0.96436006,-0.14047445,0.04767903
381,0.9627197,-0.15188363,0.060172588
382,0.9392085,-0.13736917,0.049110427
383,0.9659683,-0.15228292,0.05879393
384,0.9485397,-0.14908494,0.046713915
385,0.9635014,-0.14962246,0.05783982
386,0.9559387,-0.15498632,0.053989295
387,0.96320283,-0.15279132,0.05771687
388,0.97259855,-0.1445395,0.04607563
389,0.9664043,-0.14689241,0.061158154
390,0.9575028,-0.14387338,0.058945198
391,0.940504,-0.14997742,0.06862793
392,0.974713,-0.15132059,0.060416505
393,0.96182036,-0.15895306,0.050863255
394,0.97348195,-0.16108346,0.05848497
395,0.9676721,-0.16335675,0.056195233
396,0.9737555,-0.14541997,0.058122236
397,0.9448352,-0.14006203,0.060677156
398,0.9769484,-0.1527108,0.055289198
399,0.97869945,-0.15475725,0.043437563
400,0.9589173,-0.14887218,0.049948294
401,0.96004945,-0.15808378,0.060576383
402,0.9783667,-0.15109913,0.05393441
403,0.9555056,-0.1624399,0.054884735
404,0.9501098,-0.13539353,0.061351802
405,0.9538136,-0.1538424,0.051877983
406,0.96535856,-0.15157647,0.050240885
407,0.93833196,-0.1522234,0.047128778
408,0.9737686,-0.15250489,0.05681916
409,0.9708832,-0.15267605,0.068077765
410,0.96250033,-0.1545597,0.06848283
411,0.9610025,-0.14331135,0.058206376
412,0.9732025,-0.15975657,0.052130915
413,0.96583325,-0.15678352,0.052429978
414,0.9387995,-0.14400986,0.0650447
415,0.9682713,-0.15581337,0.052799832
416,0.9652898,-0.14349405,0.059919674
417,0.95980775,-0.14752023,0.05449018
418,0.96077913,-0.1528553,0.045180634
419,0.9515731,-0.15745322,0.06139612
420,0.9482134,-0.14706527,0.05087207
421,0.94706786,-0.1469111,0.051217526
422,0.9738927,-0.15940945,0.057781424
423,0.9477353,-0.14920913,0.05400514
424,0.97246224,-0.1580253,0.063146725
425,0.9591756,-0.15309674,0.060232528
426,0.96838564,-0.15921283,0.05556128
427,0.9576958,-0.16419327,0.051670812
428,0.95107174,-0.14550072,0.073915765
429,0.97056496,-0.14537005,0.05405957
430,0.9617488,-0.15131623,0.054507196
431,0.96632093,-0.14836936,0.05792957
432,0.95693326,-0.1495973,0.05128435
433,0.9555015,-0.15039995,0.056805003
434,0.95340115,-0.14286652,0.052154977
435,0.9538279,-0.13895997,0.06322485
436,0.95921105,-0.1561629,0.057521254
437,0.96608037,-0.15931381,0.054849394
438,0.96956164,-0.1452512,0.05503296
439,0.9664195,-0.14746206,0.056826536
440,0.9629591,-0.16005455,0.05745125
441,0.9753233,-0.15676859,0.048107725
442,0.96948886,-0.16503064,0.061043162
443,0.9509605,-0.14837298,0.049301896
444,0.95217013,-0.16196588,0.052766595
445,0.9595308,-0.14811777,0.054967586
446,0.9531036,-0.14322965,0.053987894
447,0.97747594,-0.15354377,0.04653682
448,0.9734944,-0.1590867,0.056988884
449,0.961382,-0.15192448,0.04842019
450,0.96922004,-0.15083809,0.06098215
451,0.9716449,-0.16060258,0.06966511
452,0.9804197,-0.15041035,0.05586436
453,0.96935135,-0.16046283,0.046677407
454,0.9553698,-0.15460555,0.06450103
455,0.97663766,-0.15436406,0.05791277
456,0.9767192,-0.1582862,0.057003714
457,0.96875936,-0.1550355,0.062374618
458,0.97384125,-0.15532221,0.057098906
459,0.9704907,-0.15693945,0.05747159
460,0.9592751,-0.15370704,0.06662792
461,0.94753283,-0.1501041,0.05984052
462,0.9564972,-0.15375416,0.07341699
463,0.99849194,-0.1539408,0.052186355
464,0.9751261,-0.1559059,0.049796216
465,0.96712095,-0.1471298,0.052829497
466,0.97394115,-0.15973864,0.06064496
467,0.9509549,-0.15597713,0.058976006
468,0.9310458,-0.13943529,0.059650313
469,0.9569724,-0.15704729,0.059122194
470,0.9699869,-0.15390615,0.05165637
471,0.9443769,-0.14796695,0.067557566
472,0.9393591,-0.1558983,0.048847597
473,0.9806613,-0.15530673,0.05219506
474,0.96119183,-0.16450365,0.053369
475,0.94951075,-0.14182146,0.053413235
476,0.9465097,-0.14356886,0.055932377
477,0.95693505,-0.1457618,0.05667166
478,0.9895033,-0.16611692,0.054485016
479,0.95464075,-0.15675326,0.052947663
480,0.9766791,-0.14829408,0.061760705
481,0.960582,-0.16350392,0.04722444
482,0.9563068,-0.15695436,0.047069572
483,0.9699745,-0.16018036,0.050236374
484,0.9709934,-0.16744468,0.058910113
485,0.967705,-0.15963407,0.05795254
486,0.9567753,-0.16149326,0.06765634
487,0.9599325,-0.14956906,0.060765713
488,0.95726246,-0.14443223,0.05039301
489,0.963457,-0.15920961,0.0617955
490,0.9705143,-0.15744232,0.06970219
491,0.97726417,-0.16085823,0.055799857
492,0.9534346,-0.14586754,0.05153397
493,0.9585428,-0.1532518,0.062505156
494,0.968815,-0.1498218,0.051140003
495,0.97442794,-0.15556078,0.055071104
496,0.95746386,-0.14779375,0.053943038
497,0.9505444,-0.14579345,0.05534502
498,0.95774883,-0.15040231,0.059986424
499,0.9779596,-0.15043075,0.0633628
500,0.9491706,-0.1385921,0.064232044
501,0.95615387,-0.15710631,0.055846624
502,0.9589272,-0.15774897,0.05723558
503,0.9652929,-0.15594757,0.053661127
504,0.9664159,-0.1517011,0.051479436
505,0.9686416,-0.15844804,0.068204604
506,0.96118444,-0.16006055,0.056202583
507,0.9587038,-0.15205336,0.062467847
508,0.9527331,-0.1529022,0.053517886
509,0.9571078,-0.16092461,0.053241037
510,0.9616256,-0.15232627,0.050957046
511,0.98617,-0.17398103,0.061052714
512,0.9466462,-0.15131673,0.05573133
513,0.956304,-0.14542428,0.058271218
514,0.95103794,-0.1488887,0.05232504
515,0.9665696,-0.16802245,0.056639314
516,0.9470234,-0.15041173,0.063625924
517,0.9578473,-0.14692882,0.05288449
518,0.9555082,-0.16962571,0.06381306
519,0.9668865,-0.14962417,0.050348926
520,0.9679376,-0.15419817,0.05497903
521,0.97276545,-0.15056887,0.060282547
522,0.9622102,-0.14326674,0.059890013
523,0.9730062,-0.16635524,0.06608307
524,0.9549949,-0.15747486,0.064774886
525,0.9816835,-0.16424651,0.061721746
526,0.96544677,-0.14891838,0.06287432
527,0.9503145,-0.1493369,0.050130066
528,0.96405315,-0.15210997,0.044110294
529,0.952051,-0.15902685,0.06551037
530,0.97046125,-0.14956117,0.053124063
531,0.960125,-0.16065423,0.056191515
532,0.9741615,-0.15575014,0.06294419
533,0.9651069,-0.15241435,0.06779767
534,0.96443045,-0.14595045,0.057469428
535,0.97124356,-0.16084525,0.056505032
536,0.9724879,-0.15356664,0.05414874
537,0.9661366,-0.16664511,0.05853287
538,0.97883844,-0.16127309,0.06437262
539,0.94615513,-0.15210637,0.0499993
540,0.9477225,-0.14526358,0.0691382
541,0.97362053,-0.15400985,0.055124417
542,0.95727223,-0.14978059,0.05237932
543,0.9759876,-0.17521702,0.055026203
544,0.9678244,-0.14264539,0.0639658
545,0.9591738,-0.14667585,0.047364153
546,0.9553949,-0.15281188,0.049498808
547,0.95412403,-0.14140879,0.051861152
548,0.97583026,-0.14374077,0.05466989
549,0.95514303,-0.1473948,0.06783982
550,0.95855355,-0.15418987,0.060445003
551,0.9642375,-0.15890583,0.07134032
552,0.95295984,-0.15622619,0.053726804
553,0.9577648,-0.1595743,0.06209886
554,0.95839036,-0.14653976,0.049552545
555,0.9305732,-0.15255177,0.049845714
556,0.9651268,-0.15627757,0.04178343
557,0.9605984,-0.1507988,0.05853059
558,0.9708288,-0.15889362,0.055751488
559,0.952402,-0.15391661,0.052080516
560,0.9691568,-0.1615268,0.063627645
561,0.95472956,-0.13893256,0.060746565
562,0.9615392,-0.15839458,0.054861005
563,0.94743156,-0.15267006,0.053782832
564,0.9580783,-0.15164885,0.050997727
565,0.967067,-0.14888012,0.04260495
566,0.9611665,-0.14768954,0.06557548
567,0.9502986,-0.1413683,0.06333057
568,0.9603302,-0.14714289,0.056569528
569,0.97372603,-0.15527214,0.051240116
570,0.96389467,-0.14147419,0.05792218
571,0.9486218,-0.15453748,0.0652163
572,0.97245395,-0.14656578,0.061633512
573,0.9649414,-0.15555894,0.06288774
574,0.95834535,-0.148927,0.05449848
575,0.96974885,-0.1567005,0.056239843
576,0.95828885,-0.14762202,0.05093639
577,0.96934855,-0.14664096,0.05078668
578,0.98501927,-0.14700978,0.073995434
579,0.9632398,-0.14745228,0.059632756
580,0.9534442,-0.14975902,0.055470057
581,0.9600943,-0.14479098,0.05145154
582,0.96195936,-0.15873358,0.052032508
583,0.9503833,-0.14605093,0.058023393
584,0.976283,-0.1476792,0.055264123
585,0.9514192,-0.15363811,0.067766085
586,0.9868413,-0.15590851,0.058415763
587,0.9529496,-0.14989454,0.06180188
588,0.96147084,-0.14807872,0.06383737
589,0.9582915,-0.15532807,0.05352802
590,0.9533353,-0.1453585,0.06232048
591,0.96656567,-0.15541354,0.05483627
592,0.9556403,-0.1561238,0.052153885
593,0.9639311,-0.14833854,0.06049171
594,0.970415,-0.14430428,0.042114425
595,0.95021284,-0.14622216,0.056980684
596,0.9486259,-0.14774758,0.061899465
597,0.95967484,-0.15085833,0.052763473
598,0.96207607,-0.15161957,0.05405832
599,0.9505244,-0.13551778,0.05351541
600,0.9695069,-0.15945564,0.058436383
601,0.9644381,-0.1481892,0.056951966
602,0.96086943,-0.14896959,0.050393026
603,0.9724704,-0.14988223,0.05395965
604,0.94283456,-0.1569698,0.059239496
605,0.9605042,-0.1515213,0.058934517
606,0.96794987,-0.15180331,0.0613085
607,0.94635457,-0.15534079,0.06594555
608,0.98062265,-0.15534298,0.060776323
609,0.96614814,-0.14610839,0.060774595
610,0.9788966,-0.14650908,0.053118404
611,0.9519105,-0.14826293,0.055543978
612,0.9491464,-0.1428952,0.042922158
613,0.95908844,-0.16476554,0.060738374
614,0.96653605,-0.16200058,0.0579851
615,0.96217406,-0.16280477,0.044777207
616,0.938417,-0.1529452,0.049384333
617,0.9621463,-0.15688795,0.049230132
618,0.95164734,-0.14853749,0.058072835
619,0.9689381,-0.13773888,0.053401455
620,0.9669116,-0.14788233,0.05979061
621,0.96667916,-0.16302721,0.055671804
622,0.9679639,-0.15428914,0.047273494
623,0.9459184,-0.13827036,0.06705127
624,0.96023107,-0.14403524,0.058575977
625,0.95810455,-0.16185518,0.051944837
626,0.9712711,-0.15307166,0.054043695
627,0.9510806,-0.1509929,0.05086864
628,0.981932,-0.16256918,0.047975224
629,0.9482849,-0.15145151,0.04623309
630,0.9637186,-0.15009247,0.049563628
631,0.9546984,-0.15425684,0.06357152
632,0.96856433,-0.15375873,0.051327
633,0.9629929,-0.15422828,0.057644468
634,0.95362645,-0.14529994,0.05767039
635,0.9668202,-0.14879201,0.052991237
636,0.9636907,-0.144684,0.058488578
637,0.9533831,-0.14821619,0.051543195
638,0.96757096,-0.15927999,0.057515018
639,0.963909,-0.1559193,0.055292457
640,0.9453423,-0.14601997,0.05712179
641,0.9558033,-0.14891563,0.06209577
642,0.95803654,-0.14440082,0.05210221
643,0.9586108,-0.14506261,0.053421766
644,0.9684291,-0.15270445,0.06282069
645,0.9707164,-0.14449519,0.057393648
646,0.9496987,-0.15693633,0.063636445
647,0.94014215,-0.14849591,0.046489663
648,0.9596044,-0.14775343,0.060698304
649,0.9620554,-0.14413401,0.038966846
650,0.96318203,-0.14835763,0.062672086
651,0.9505162,-0.14449543,0.058244508
652,0.962971,-0.14602563,0.054131567
653,0.9543126,-0.14705905,0.049802303
654,0.95146894,-0.15704659,0.057130113
655,0.97445273,-0.15557358,0.052686978
656,0.9776203,-0.156684,0.053444464
657,0.9488374,-0.15126413,0.05568433
658,0.97733486,-0.15200432,0.05450608
659,0.96103954,-0.1533541,0.06024591
660,0.94817334,-0.13880534,0.04675363
661,0.96306187,-0.15473753,0.05672025
662,0.9582071,-0.15504304,0.06007899
663,0.95574945,-0.15122333,0.054952253
664,0.967764,-0.15165643,0.058276094
665,0.95320857,-0.15285063,0.06294883
666,0.94932544,-0.13856101,0.06482899
667,0.9447564,-0.14504473,0.05342468
668,0.9483766,-0.1401794,0.06345311
669,0.9814391,-0.16690008,0.059089318
670,0.95309746,-0.14931855,0.060750667
671,0.9759231,-0.15771134,0.05699948
672,0.9672618,-0.16500741,0.048397884
673,0.96890163,-0.14541394,0.06361978
674,0.9582224,-0.14130859,0.060230594
675,0.9549024,-0.13329521,0.06792216
676,0.95309335,-0.15182255,0.06284629
677,0.96564114,-0.15705948,0.06144021
678,0.9634438,-0.17176247,0.05876481
679,0.9495563,-0.15818842,0.063523576
680,0.9538855,-0.15689702,0.058394868
681,0.9664224,-0.14561434,0.06365504
682,0.95752937,-0.14813466,0.04694009
683,0.96198153,-0.15278545,0.06089721
684,0.94753695,-0.14265855,0.0645797
685,0.9692016,-0.13996032,0.044191513
686,0.9576675,-0.14832142,0.057493344
687,0.95745665,-0.15143003,0.058358055
688,0.955291,-0.1550748,0.05690881
689,0.9763701,-0.15945795,0.054709714
690,0.9706763,-0.14776312,0.061496247
691,0.9519854,-0.14571342,0.0611203
692,0.97874,-0.15215276,0.06767006
693,0.9566645,-0.15335993,0.051483143
694,0.97499484,-0.14094076,0.06372552
695,0.9643591,-0.14599347,0.050850492
696,0.9632734,-0.14510114,0.0484402
697,0.971204,-0.16200273,0.050855733
698,0.951393,-0.14959681,0.061719485
699,0.95861316,-0.14416441,0.055487297
700,0.96225315,-0.15182672,0.051138904
701,0.97568303,-0.15473208,0.061505783
702,0.9701808,-0.15414228,0.046557657
703,0.9609204,-0.1555191,0.05967357
704,0.9598452,-0.14650668,0.06905201
705,0.95473844,-0.1463225,0.055632684
706,0.9487571,-0.155759,0.061044235
707,0.9626114,-0.1505857,0.057102792
708,0.9697849,-0.15308432,0.039920703
709,0.9698826,-0.16756338,0.05749115
710,0.9649337,-0.15630071,0.060258463
711,0.9661384,-0.15059811,0.06413947
712,0.9680933,-0.15906708,0.067806
713,0.9503282,-0.14068742,0.03971652
714,0.9546896,-0.1579389,0.059664465
715,0.9658896,-0.15867683,0.058449253
716,0.94947135,-0.13878068,0.06176386
717,0.9710377,-0.15781826,0.049845982
718,0.95653474,-0.14838648,0.062966116
719,0.9523841,-0.16184817,0.058640324
720,0.95997214,-0.15160857,0.055125713
721,0.9578924,-0.15815479,0.06118733
722,0.97008973,-0.1536105,0.04782306
723,0.9649557,-0.15438889,0.05891005
724,0.96386546,-0.14459625,0.04982185
725,0.9632087,-0.15883504,0.049701117
726,0.96067935,-0.16112134,0.049567636
727,0.95028484,-0.15712018,0.057233423
728,0.9546507,-0.15676233,0.051578116
729,0.9530668,-0.16676144,0.05343991
730,0.9503494,-0.1457347,0.0590391
731,0.9543547,-0.14392306,0.05907316
732,0.9451581,-0.15010388,0.05269083
733,0.9566487,-0.1468067,0.046620935
734,0.9711674,-0.14538229,0.05925941
735,0.9446187,-0.13499266,0.06387515
736,0.9556478,-0.14660054,0.05609115
737,0.9683623,-0.16711755,0.04347421
738,0.95133895,-0.14658402,0.060420588
739,0.9740802,-0.15196915,0.053173326
740,0.97572136,-0.15612021,0.057880457
741,0.96921927,-0.14569072,0.057050593
742,0.9643979,-0.14100555,0.048406437
743,0.9601635,-0.15119551,0.062653445
744,0.94483393,-0.14354092,0.057507146
745,0.9346696,-0.14748274,0.058501296
746,0.9470658,-0.14389487,0.06521397
747,0.9445803,-0.14659391,0.054777715
748,0.9537054,-0.15839149,0.052744634
749,0.9460157,-0.15030624,0.055468284
750,0.98295426,-0.14777726,0.05482067
751,0.9592726,-0.14625186,0.054557383
752,0.94804174,-0.15670909,0.04483233
753,0.9714209,-0.15929328,0.051138554
754,0.94435436,-0.142894,0.058795948
755,0.9779015,-0.15921347,0.05954795
756,0.9725518,-0.1450222,0.058444306
757,0.96699363,-0.14546369,0.060186602
758,0.9740522,-0.15723078,0.05013395
759,0.956773,-0.15031411,0.06286219
760,0.9478378,-0.15143295,0.03703527
761,0.9439111,-0.13924381,0.06603297
762,0.9559898,-0.15297952,0.05428874
763,0.9601843,-0.14863808,0.06668034
764,0.95391,-0.15150918,0.060710378
765,0.96310633,-0.15970932,0.059347764
766,0.9669341,-0.15270618,0.0507712
767,0.9692663,-0.15621239,0.06266688
768,0.9605313,-0.15920125,0.075420834
769,0.9736586,-0.16110799,0.059880625
770,0.9496693,-0.15431623,0.055801068
771,0.9644333,-0.15309668,0.06456514
772,0.96284187,-0.15495723,0.05426505
773,0.9603157,-0.15461832,0.064907625
774,0.9660475,-0.15519275,0.05493096
775,0.93854195,-0.14219555,0.055131484
776,0.9485043,-0.14384773,0.042566236
777,0.96291417,-0.1468783,0.06161075
778,0.9672324,-0.16531165,0.063851744
779,0.9694684,-0.16499701,0.06519254
780,0.9510875,-0.15352733,0.056865335
781,0.9646286,-0.15740752,0.05229454
782,0.97392994,-0.15834881,0.05598071
783,0.9685033,-0.15471546,0.05125403
784,0.96263283,-0.15233578,0.05724506
785,0.9783053,-0.16030425,0.048499662
786,0.9412632,-0.14254278,0.048877437
787,0.94315726,-0.14917102,0.059622407
788,0.95121527,-0.15106998,0.055797778
789,0.9649233,-0.1533044,0.055335354
790,0.9498503,-0.14336126,0.05190246
791,0.9631497,-0.16179132,0.05798932
792,0.97482,-0.15136842,0.063265584
793,0.9528546,-0.14802122,0.057300042
794,0.9595296,-0.14935803,0.061291303
795,0.9646834,-0.15081611,0.05002074
796,0.9641228,-0.16498202,0.048788305
797,0.9531897,-0.14405295,0.051143523
798,0.96926147,-0.15960047,0.059459955
799,0.94954073,-0.15870602,0.04959562
800,0.96463966,-0.14599489,0.058183786
801,0.9628638,-0.14477515,0.046909932
802,0.9727944,-0.15701164,0.0416199
803,0.9666278,-0.15032527,0.06208932
804,0.95738846,-0.15074366,0.044575512
805,0.9798089,-0.15761007,0.0581125
806,0.96090734,-0.1430755,0.057817094
807,0.96707857,-0.16290565,0.05813174
808,0.94986767,-0.15283892,0.05243492
809,0.95362645,-0.1427669,0.056088638
810,0.94985723,-0.14943066,0.055795897
811,0.97870094,-0.15164615,0.056123346
812,0.97665524,-0.15299396,0.055982813
813,0.9644734,-0.15844078,0.056461066
814,0.9468583,-0.14239122,0.06332386
815,0.96717024,-0.15964074,0.061275247
816,0.9625025,-0.172601,0.05420624
817,0.94642127,-0.1505862,0.051336527
818,0.9429102,-0.1476925,0.045220282
819,0.9701976,-0.15885712,0.04031238
820,0.95992416,-0.15915453,0.06265175
821,0.98368514,-0.16825584,0.046980463
822,0.9655805,-0.14757179,0.06256732
823,0.9605898,-0.14881027,0.051223584
824,0.96764064,-0.15110524,0.06485238
825,0.96537286,-0.15644306,0.064423956
826,0.95239186,-0.14798886,0.057547655
827,0.9537243,-0.14614488,0.067027785
828,0.9531804,-0.1405897,0.061478566
829,0.961972,-0.15270077,0.06212827
830,0.9723375,-0.16067488,0.052140158
831,0.96444446,-0.14618267,0.050444376
832,0.9680629,-0.15075037,0.064819254
833,0.97362304,-0.14819017,0.05831461
834,0.9650447,-0.16635557,0.05437259
835,0.9697889,-0.1524782,0.054795086
836,0.96617234,-0.16685928,0.06789964
837,0.97066534,-0.16003186,0.0655214
838,0.9717886,-0.15831657,0.057070337
839,0.9830437,-0.14463107,0.061103165
840,0.9668766,-0.1527664,0.073902674
841,0.9528276,-0.15248571,0.051520117
842,0.9595835,-0.14454795,0.05783443
843,0.9512146,-0.14727034,0.05114286
844,0.9620062,-0.15673493,0.05638455
845,0.9577733,-0.14710905,0.06423221
846,0.9635281,-0.14724031,0.050688967
847,0.95938706,-0.15076315,0.06760598
848,0.96503097,-0.14868619,0.056048676
849,0.9635505,-0.14402477,0.055954468
850,0.9715968,-0.14950015,0.05189523
851,0.9647383,-0.16803098,0.06552239
852,0.955399,-0.14485978,0.06860674
853,0.96304214,-0.14542559,0.061484918
854,0.95261866,-0.13855112,0.05001372
855,0.9679281,-0.16675909,0.05161427
856,0.97594863,-0.1468738,0.068680145
857,0.9658233,-0.15025553,0.0701637
858,0.9408551,-0.1520757,0.05766
859,0.95906425,-0.15131234,0.049751554
860,0.97889656,-0.14941435,0.07008938
861,0.9579703,-0.15766178,0.057509553
862,0.9701095,-0.1643717,0.04041347
863,0.97192186,-0.14907642,0.058102522
864,0.95674866,-0.14331742,0.052852176
865,0.95149755,-0.14502665,0.059420604
866,0.9505502,-0.14420108,0.058451843
867,0.9652467,-0.14624958,0.06313444
868,0.9766848,-0.15183821,0.061612274
869,0.9638762,-0.15050052,0.058585066
870,0.95962036,-0.14981648,0.053714972
871,0.9757927,-0.14539397,0.04748463
872,0.96502304,-0.15918718,0.0566359
873,0.9452044,-0.13674188,0.04634317
874,0.9504027,-0.14729564,0.06060702
875,0.9504269,-0.14719987,0.056949984
876,0.98685133,-0.17477527,0.04699199
877,0.9529151,-0.1477568,0.06318545
878,0.97342604,-0.15103649,0.050586443
879,0.95944256,-0.14665578,0.05359491
880,0.9571632,-0.1596549,0.05082524
881,0.97261655,-0.14831121,0.055882487
882,0.9584883,-0.13428402,0.04524579
883,0.9656904,-0.14061755,0.05741637
884,0.9614851,-0.1577962,0.049787477
885,0.966529,-0.157536,0.057540264
886,0.9724039,-0.15706398,0.062243644
887,0.9612782,-0.14666429,0.05418215
888,0.96451265,-0.15831384,0.0628897
889,0.95949465,-0.15780744,0.06725532
890,0.9540258,-0.15239811,0.055488504
891,0.96822757,-0.14348483,0.059420493
892,0.97316444,-0.15434465,0.05329627
893,0.9536226,-0.15269059,0.062979564
894,0.9680198,-0.13917148,0.052967906
895,0.9510034,-0.13551264,0.05524143
896,0.98104495,-0.16078208,0.05417819
897,0.97138023,-0.14533429,0.058724668
898,0.9577856,-0.15321895,0.050186142
899,0.96601355,-0.15832086,0.0607751
900,0.99719435,-0.16219664,0.054363657
901,0.96486413,-0.15700705,0.0588624
902,0.96052957,-0.15020712,0.060206152
903,0.95921254,-0.1490921,0.058334064
904,0.9680108,-0.16360801,0.067869134
905,0.9599316,-0.14724235,0.05104929
906,0.9632741,-0.15387857,0.047895618
907,0.95554835,-0.15747079,0.05041004
908,0.96077174,-0.15324326,0.056872
909,0.95585847,-0.1655543,0.058838934
910,0.94640714,-0.15189786,0.06534181
911,0.9656824,-0.16723119,0.059398696
912,0.9512765,-0.1393912,0.05825471
913,0.965932,-0.16603883,0.05833128
914,0.9739716,-0.15706319,0.065934405
915,0.97120976,-0.1555387,0.06215458
916,0.9749111,-0.15239985,0.05595794
917,0.96150994,-0.15015557,0.054827638
918,0.976333,-0.14640075,0.044053122
919,0.9537566,-0.14696258,0.0608225
920,0.9800032,-0.14844088,0.060159657
921,0.969657,-0.14383477,0.06148075
922,0.9528849,-0.14646415,0.055120513
923,0.97124547,-0.15018082,0.051470324
924,0.9688935,-0.15769084,0.049948774
925,0.9740471,-0.15804528,0.055451684
926,0.9537361,-0.1530404,0.05118703
927,0.9651974,-0.15768993,0.059860587
928,0.9730721,-0.16069973,0.055217117
929,0.95206386,-0.15500171,0.05764334
930,0.97075903,-0.15845272,0.05784764
931,0.96439964,-0.14849293,0.05446453
932,0.9684926,-0.16348994,0.06724262
933,0.95073825,-0.15396135,0.04635832
934,0.94853866,-0.14311184,0.057762247
935,0.9347337,-0.15310638,0.053806286
936,0.980943,-0.15640533,0.062335204
937,0.9777269,-0.15279491,0.04970087
938,0.96380126,-0.15918113,0.07160125
939,0.93914694,-0.13763909,0.06836859
940,0.9515818,-0.15001157,0.051503718
941,0.95780694,-0.13537696,0.06309749
942,0.9495848,-0.16127257,0.05786088
943,0.96032745,-0.16497867,0.05892736
944,0.93963593,-0.14021656,0.061624214
945,0.9485231,-0.16255574,0.05307656
946,0.96533084,-0.1485178,0.052605633
947,0.9585986,-0.15122099,0.052788038
948,0.9697064,-0.15573727,0.053755686
949,0.9670789,-0.15798552,0.06106744
950,0.9422282,-0.14485134,0.058835827
951,0.9590625,-0.15553865,0.05593837
952,0.9432739,-0.15445898,0.047306504
953,0.95609695,-0.15256986,0.05542495
954,0.9480741,-0.14238872,0.0636003
955,0.9746011,-0.14975342,0.055420697
956,0.9778779,-0.1586317,0.057642963
957,0.9566811,-0.15026088,0.05340476
958,0.975513,-0.16487466,0.07160728
959,0.95639926,-0.15927735,0.061586477
960,0.95979595,-0.15066826,0.047793243
961,0.965105,-0.1572958,0.05679226
962,0.9712456,-0.15317331,0.056165777
963,0.95571357,-0.1383749,0.060203522
964,0.96822447,-0.15058528,0.06252942
965,0.95974493,-0.14653353,0.060150705
966,0.9650284,-0.14891529,0.06570274
967,0.95190305,-0.16112892,0.06502722
968,0.9505157,-0.13937624,0.04935281
969,0.97092456,-0.1551468,0.0629955
970,0.95326895,-0.15689148,0.0521413
971,0.9575867,-0.15994662,0.05246528
972,0.95893246,-0.1435476,0.062708385
973,0.9578718,-0.14264077,0.048768435
974,0.9496587,-0.15202613,0.05839189
975,0.96338814,-0.15929642,0.04988397
976,0.95035243,-0.14394891,0.06164545
977,0.9637528,-0.15651272,0.054033905
978,0.95326114,-0.14564933,0.06545347
979,0.94807684,-0.1394575,0.06269583
980,0.9567918,-0.15420401,0.065624036
981,0.9634874,-0.15112644,0.053328343
982,0.9486382,-0.16445966,0.061217975
983,0.96750575,-0.16168182,0.050068717
984,0.9576573,-0.14819539,0.0709677
985,0.9639404,-0.16249676,0.059778962
986,0.95542186,-0.16114505,0.057619266
987,0.9791745,-0.1489176,0.04938145
988,0.95479745,-0.1550832,0.046189178
989,0.9787694,-0.14978662,0.05767114
990,0.9543615,-0.1412885,0.056514073
991,0.9543283,-0.14807563,0.051795337
992,0.9379601,-0.1481495,0.061275408
993,0.97641355,-0.1467079,0.058400042
994,0.9746552,-0.15147115,0.06633721
995,0.94905186,-0.15220374,0.06645361
996,0.9711347,-0.15615787,0.059252515
997,0.9427256,-0.14560421,0.05703957
998,0.97701585,-0.15474772,0.05758799
999,0.9609334,-0.15672979,0.06112388
1000,0.9495327,-0.14551595,0.06360488
1001,0.9289631,-0.15045872,0.066025585
1002,0.94670856,-0.14842041,0.058772806
1003,0.9677292,-0.15263319,0.050135735
1004,0.94107085,-0.15395355,0.055948514
1005,0.95518994,-0.15186688,0.058293603
1006,0.9623744,-0.14951085,0.06953527
1007,0.96534586,-0.1379153,0.05904368
1008,0.9500229,-0.15436499,0.051060773
1009,0.975343,-0.16264129,0.033912636
1010,0.9619586,-0.15970035,0.06893646
1011,0.9436701,-0.16043127,0.053686235
1012,0.9541988,-0.1447548,0.061395366
1013,0.959338,-0.15168522,0.06486326
1014,0.9627464,-0.1550697,0.05834603
1015,0.9707448,-0.14575267,0.06346399
1016,0.97961915,-0.15125465,0.06495625
1017,0.9491117,-0.14045534,0.057144642
1018,0.9527906,-0.14927307,0.066501215
1019,0.9512183,-0.14152047,0.05615948
1020,0.9457494,-0.15430531,0.054261878
1021,0.96265465,-0.15974951,0.05613412
1022,0.9650095,-0.1611669,0.050751213
1023,0.9719929,-0.16068591,0.06134648
1024,0.97076917,-0.16194448,0.04767793
1025,0.9744668,-0.14945307,0.056428682
1026,0.96713126,-0.15592936,0.070506476
1027,0.9548896,-0.14827478,0.05165578
1028,0.9676779,-0.15973787,0.052550867
1029,0.956001,-0.15648067,0.056721393
1030,0.9611595,-0.15308997,0.05645065
1031,0.95497584,-0.14696741,0.05662769
1032,0.96218425,-0.14606844,0.06669268
1033,0.9600047,-0.15160346,0.042149782
1034,0.96045536,-0.15029591,0.07116875
1035,0.97881365,-0.14566234,0.05719407
1036,0.974228,-0.15187693,0.04937472
1037,0.9551644,-0.15377404,0.058519535
1038,0.958428,-0.14784206,0.05411232
1039,0.9574201,-0.14864999,0.048821766
1040,0.9708554,-0.16114752,0.05185489
1041,0.96061975,-0.16362186,0.050644815
1042,0.975867,-0.16099712,0.058462948
1043,0.9725419,-0.15129973,0.05210406
1044,0.9680193,-0.1429374,0.052535217
1045,0.9633733,-0.15673502,0.057966366
1046,0.9464909,-0.15032724,0.04919783
1047,0.96871656,-0.15027635,0.068203546
1048,0.9656287,-0.15796676,0.054896038
1049,0.9908981,-0.16055727,0.047595866
1050,0.96730256,-0.15905358,0.055804912
1051,0.94359565,-0.15772738,0.054886535
1052,0.9561658,-0.14732656,0.05726147
1053,0.94372815,-0.1435515,0.05141356
1054,0.976768,-0.15195748,0.053804792
1055,0.95280725,-0.14849372,0.05598878
1056,0.95254207,-0.1397646,0.056912586
1057,0.9647804,-0.14767641,0.05297472
1058,0.9493193,-0.14473899,0.050907336
1059,0.94346094,-0.14521201,0.059936978
1060,0.9432427,-0.14047691,0.055259988
1061,0.96843576,-0.15365915,0.054722402
1062,0.952699,-0.1463989,0.046928655
1063,0.97487724,-0.15219572,0.04447415
1064,0.9349922,-0.15236297,0.052316595
1065,0.956417,-0.15696786,0.06125747
1066,0.9607996,-0.15177062,0.050229132
1067,0.9695638,-0.15331101,0.052832745
1068,0.9623695,-0.15363356,0.058530834
1069,0.9753127,-0.15708151,0.05103789
1070,0.94801635,-0.14496988,0.061357412
1071,0.9579438,-0.14387503,0.05214592
1072,0.966523,-0.1603634,0.055682424
1073,0.9714795,-0.15235768,0.055426814
1074,0.95176816,-0.14083838,0.058766045
1075,0.9636092,-0.14978732,0.06129058
1076,0.95485705,-0.15204729,0.059624083
1077,0.9515344,-0.147128,0.07212077
1078,0.9715812,-0.15520267,0.05590667
1079,0.9607128,-0.15043013,0.054517258
1080,0.9707169,-0.14846529,0.04869256
1081,0.9765378,-0.15787329,0.06806986
1082,0.95513266,-0.15939496,0.057851322
1083,0.9883382,-0.15701574,0.067425
1084,0.9437433,-0.15549928,0.050992724
1085,0.9595983,-0.15496819,0.054917272
1086,0.9722507,-0.15611829,0.04963041
1087,0.96701545,-0.15754324,0.06454791
1088,0.96608466,-0.1570755,0.05725923
1089,0.95652455,-0.14651945,0.044183094
1090,0.94815713,-0.15206166,0.066748604
1091,0.96856207,-0.15050158,0.051413104
1092,0.9618502,-0.15296635,0.052659966
1093,0.96099657,-0.1452092,0.054390356
1094,0.9640184,-0.1544637,0.06581545
1095,0.95811945,-0.13840157,0.05950762
1096,0.97379607,-0.15383667,0.05641014
1097,0.96315175,-0.15495922,0.05854313
1098,0.95417154,-0.15308605,0.04463854
1099,0.96102643,-0.15033606,0.055911273
1100,0.96796334,-0.15308054,0.06316077
1101,0.96380526,-0.16422604,0.0616815
1102,0.9486193,-0.13715331,0.055430412
1103,0.9645389,-0.15743199,0.05784005
1104,0.9695579,-0.15402365,0.045431558
1105,0.9533796,-0.14994408,0.053079613
1106,0.96550626,-0.16003533,0.047910783
1107,0.9621901,-0.16103809,0.05222132
1108,0.96583503,-0.15219626,0.059603285
1109,0.9756514,-0.15727425,0.051042926
1110,0.95083314,-0.14392936,0.06638517
1111,0.9723876,-0.1485173,0.061560046
1112,0.9688148,-0.1528127,0.056192394
1113,0.9495759,-0.14931771,0.05740378
1114,0.95842,-0.15848817,0.060923755
1115,0.9435112,-0.16442633,0.06453812
1116,0.9531945,-0.14778344,0.05342672
1117,0.96738315,-0.14320719,0.06549033
1118,0.97737813,-0.14994541,0.058993716
1119,0.96302414,-0.14999445,0.0652436
1120,0.9606075,-0.1546303,0.057106815
1121,0.9474168,-0.14287867,0.05696335
1122,0.9629128,-0.14943933,0.06310675
1123,0.96726495,-0.1539639,0.05276718
1124,0.9602362,-0.14075904,0.049577262
1125,0.9565287,-0.15016977,0.06308513
1126,0.96257955,-0.16704437,0.04971786
1127,0.96228987,-0.15324004,0.066236205
1128,0.97767943,-0.14778249,0.044065077
1129,0.9752008,-0.15588233,0.05076075
1130,0.9621198,-0.1467867,0.05331404
1131,0.96267265,-0.1509089,0.051692188
1132,0.9696431,-0.15533043,0.053219385
1133,0.9450349,-0.14498672,0.06156894
1134,0.96512944,-0.15134998,0.05725482
1135,0.9649569,-0.15767176,0.06073706
1136,0.96874756,-0.14419197,0.059151273
1137,0.96066463,-0.14937326,0.054248985
1138,0.9631192,-0.15174563,0.06273601
1139,0.95531976,-0.14467418,0.05787793
1140,0.9646511,-0.1518167,0.056183618
1141,0.9491562,-0.13979132,0.069686785
1142,0.94131774,-0.14012545,0.058151726
1143,0.9644012,-0.1587068,0.05643888
1144,0.9657236,-0.15667376,0.057671297
1145,0.9612793,-0.14628537,0.057433337
1146,0.9528717,-0.14074454,0.055338804
1147,0.9545569,-0.14684002,0.05283147
1148,0.9461911,-0.16454744,0.052207857
1149,0.953473,-0.14625932,0.06793692
1150,0.97406816,-0.16270147,0.05494984
1151,0.9459076,-0.14048062,0.058155984
1152,0.96143425,-0.15905572,0.066999964
1153,0.95536023,-0.14133674,0.05281681
1154,0.95853966,-0.14420038,0.04693763
1155,0.96473634,-0.1483905,0.051451124
1156,0.98246896,-0.16257219,0.055325836
1157,0.9750771,-0.15114947,0.05429944
1158,0.96762013,-0.14991543,0.051661305
1159,0.9481075,-0.15118842,0.057913538
1160,0.9470303,-0.15008943,0.05831383
1161,0.97301996,-0.15710683,0.054598287
1162,0.9617073,-0.1527577,0.06046533
1163,0.9611165,-0.15091957,0.05540005
1164,0.9664408,-0.15611862,0.054015096
1165,0.95134944,-0.1537771,0.067364074
1166,0.9481256,-0.15251365,0.044359036
1167,0.95385355,-0.147062,0.057652574
1168,0.9636492,-0.16409126,0.063208185
1169,0.9537138,-0.14507155,0.058192432
1170,0.96988654,-0.15293391,0.053943273
1171,0.9387207,-0.14561768,0.0670338
1172,0.960659,-0.14599088,0.060989793
1173,0.9621594,-0.13749897,0.04295704
1174,0.96676576,-0.14704387,0.05110865
1175,0.9676925,-0.15837488,0.05846213
1176,0.95885295,-0.14590678,0.0577284
1177,0.9410473,-0.14499374,0.05265523
1178,0.96330315,-0.14466693,0.058897257
1179,0.95985466,-0.15707783,0.060713775
1180,0.9532877,-0.15097909,0.056347553
1181,0.97404337,-0.15909931,0.05840514
1182,0.93932307,-0.15017235,0.055827636
1183,0.9589391,-0.15363021,0.044751324
1184,0.97294015,-0.15568072,0.048402265
1185,0.9549951,-0.16045181,0.042460483
1186,0.93406945,-0.1353072,0.05492789
1187,0.943956,-0.14506371,0.06440381
1188,0.9613126,-0.14848192,0.054016493
1189,0.9560178,-0.15215783,0.046117265
1190,0.9585612,-0.14787412,0.0610688
1191,0.9591277,-0.14842622,0.06339294
1192,0.9614525,-0.1515025,0.054150987
1193,0.9796939,-0.14983967,0.053431362
1194,0.9708849,-0.15947542,0.061819874
1195,0.9513526,-0.15041275,0.05045842
1196,0.9498407,-0.15535925,0.060365967
1197,0.9630078,-0.14263456,0.058586314
1198,0.9694147,-0.16012666,0.044005115
1199,0.95267093,-0.15785395,0.056047205
1200,0.95506066,-0.15190749,0.054879412
1201,0.9695464,-0.15866336,0.061030384
1202,0.96650493,-0.14746103,0.054144762
1203,0.9489925,-0.15573746,0.05965447
1204,0.9636234,-0.15599656,0.057346184
1205,0.9680903,-0.14544117,0.06769358
1206,0.96418244,-0.15509029,0.058479063
1207,0.9692199,-0.15040806,0.05066952
1208,0.9576236,-0.16007926,0.053143185
1209,0.96570796,-0.1573529,0.062191427
1210,0.9673278,-0.1477064,0.061881546
1211,0.96553606,-0.14662284,0.058237847
1212,0.96075606,-0.1509429,0.053389844
1213,0.9667374,-0.16148092,0.0561439
1214,0.9376427,-0.14324322,0.057891183
1215,0.976545,-0.15726192,0.04786265
1216,0.96264213,-0.15533385,0.056574173
1217,0.95079935,-0.14318347,0.049973123
1218,0.97481513,-0.14754632,0.065205164
1219,0.97039545,-0.15044567,0.06322704
1220,0.95774645,-0.1599508,0.06845568
1221,0.9772008,-0.14660776,0.05704023
1222,0.9620343,-0.14905794,0.055248152
1223,0.95779735,-0.14874952,0.050369203
1224,0.94652945,-0.14274022,0.050383
1225,0.98210645,-0.15905125,0.05758291
1226,0.96755236,-0.15499541,0.06984264
1227,0.9744277,-0.15285003,0.054804802
1228,0.96329534,-0.14617306,0.06973105
1229,0.95756376,-0.15463334,0.06352993
1230,0.9725601,-0.15131988,0.04994545
1231,0.94879234,-0.1523944,0.057084136
1232,0.95693946,-0.1533002,0.0450084
1233,0.9546785,-0.14815907,0.061875287
1234,0.95466614,-0.1433143,0.06314314
1235,0.95100623,-0.13936177,0.066245526
1236,0.95108205,-0.15279448,0.060077485
1237,0.96497667,-0.15941778,0.060476337
1238,0.95001185,-0.15412939,0.062348805
1239,0.97043294,-0.14573696,0.051525287
1240,0.98521584,-0.15986401,0.04928964
1241,0.9430071,-0.1515951,0.061352894
1242,0.9528422,-0.14971444,0.057603955
1243,0.9785814,-0.15142792,0.059988383
1244,0.95466137,-0.14363019,0.050147984
1245,0.94687706,-0.14978404,0.06252495
1246,0.94801813,-0.14446543,0.05136351
1247,0.93456,-0.14681187,0.06432202
1248,0.96327555,-0.15172651,0.041254036
1249,0.9538266,-0.15071681,0.050565455
1250,0.9773793,-0.1587935,0.05283591
1251,0.97121084,-0.1517753,0.06414248
1252,0.95631975,-0.15364677,0.061075307
1253,0.94595987,-0.1473713,0.056233637
1254,0.94401866,-0.14875175,0.05490996
1255,0.95531946,-0.15354468,0.048061892
1256,0.93881655,-0.14896399,0.070807196
1257,0.9644594,-0.1526819,0.05495847
1258,0.94840366,-0.15725031,0.05496529
1259,0.976014,-0.16053665,0.061622106
1260,0.9514437,-0.1545477,0.053374413
1261,0.9574448,-0.14621769,0.053798966
1262,0.9515039,-0.14281066,0.05304358
1263,0.9537488,-0.14685723,0.060743913
1264,0.94313335,-0.15468204,0.046206538
1265,0.9615739,-0.1473005,0.04731482
1266,0.95409817,-0.15922232,0.06878
1267,0.96716315,-0.14495051,0.046992987
1268,0.9781199,-0.17054932,0.05846434
1269,0.9537099,-0.1642592,0.042111054
1270,0.9652516,-0.15043008,0.06966498
1271,0.9508484,-0.15730087,0.05650313
1272,0.96366954,-0.15254527,0.06442175
1273,0.9550477,-0.1650117,0.05175601
1274,0.97325206,-0.15295891,0.0636751
1275,0.9570206,-0.15483989,0.06746157
1276,0.9615025,-0.15381858,0.054527916
1277,0.94792175,-0.14634238,0.058363684
1278,0.9632609,-0.1516933,0.04535624
1279,0.9628497,-0.15240416,0.06620475
1280,0.96959066,-0.1546317,0.059278257
1281,0.95733297,-0.15065737,0.058824968
1282,0.96844226,-0.1542794,0.06074095
1283,0.94219124,-0.14393936,0.055767182
1284,0.9536537,-0.15219122,0.054110054
1285,0.9662277,-0.14864579,0.05978021
1286,0.951126,-0.15341981,0.055001874
1287,0.9781298,-0.16127773,0.048528563
1288,0.95665276,-0.14910103,0.070532806
1289,0.96860725,-0.15683746,0.06579917
1290,0.9517973,-0.14113545,0.06397213
1291,0.95842755,-0.1377501,0.051343933
1292,0.962158,-0.14638424,0.06035625
1293,0.94292444,-0.14578673,0.05668606
1294,0.9400828,-0.14606349,0.05748263
1295,0.960101,-0.15292172,0.06529825
1296,0.9661822,-0.15912776,0.0717068
1297,0.9520349,-0.14785102,0.05792487
1298,0.96130824,-0.14940448,0.05977933
1299,0.9626015,-0.15025094,0.0682109
1300,0.9661902,-0.14768179,0.054961428
1301,0.96713895,-0.16145098,0.06289014
1302,0.9472508,-0.14214787,0.07056166
1303,0.9716526,-0.1535714,0.05568531
1304,0.9670256,-0.16170023,0.058811437
1305,0.95950943,-0.15128294,0.070405535
1306,0.96969783,-0.1550398,0.061590105
1307,0.960293,-0.14845496,0.056895632
1308,0.9696431,-0.15203086,0.06746723
1309,0.93955225,-0.1552995,0.06210033
1310,0.9837786,-0.1611835,0.04717666
1311,0.96363187,-0.15723288,0.0519841
1312,0.959858,-0.15298562,0.047933728
1313,0.95420706,-0.14351018,0.05261497
1314,0.9701989,-0.1561549,0.058013134
1315,0.96572804,-0.15751408,0.05515064
1316,0.95515317,-0.1557877,0.061015792
1317,0.97623485,-0.1586909,0.06274408
1318,0.9675697,-0.15360837,0.061432686
1319,0.9315201,-0.14537716,0.071223855
1320,0.96781325,-0.1530845,0.05494517
1321,0.9597007,-0.13630699,0.04803142
1322,0.96382385,-0.1653018,0.053412825
1323,0.96568364,-0.15627679,0.059397627
1324,0.9578557,-0.15261722,0.054615047
1325,0.964736,-0.15453747,0.051849354
1326,0.971712,-0.1541939,0.045355782
1327,0.97667766,-0.1447082,0.047968887
1328,0.94605017,-0.1551646,0.061148196
1329,0.96996295,-0.15029702,0.057535883
1330,0.9614617,-0.1485316,0.04739407
1331,0.9628075,-0.15304944,0.049765732
1332,0.95060366,-0.15786418,0.050006926
1333,0.96625745,-0.16505189,0.05112993
1334,0.95183927,-0.1431139,0.050011046
1335,0.95146686,-0.15012549,0.048444677
1336,0.9535643,-0.15476581,0.051255137
1337,0.9535937,-0.1585969,0.063519225
1338,0.9544828,-0.16372438,0.056894474
1339,0.9667074,-0.15743037,0.06665863
1340,0.95265126,-0.15551466,0.062042274
1341,0.96369684,-0.15099819,0.049817044
1342,0.9554787,-0.14785646,0.054719828
1343,0.9673004,-0.16529623,0.05043775
1344,0.9683883,-0.1488488,0.056656953
1345,0.9541294,-0.14428593,0.05058053
1346,0.9567351,-0.15673564,0.05196961
1347,0.95981187,-0.14600922,0.055561345
1348,0.96528465,-0.16608341,0.056344636
1349,0.94300747,-0.15020011,0.066471465
1350,0.96314496,-0.1365059,0.05624116
1351,0.9586983,-0.14908925,0.056368627
1352,0.96508783,-0.16224402,0.060549144
1353,0.9545303,-0.15038441,0.053439487
1354,0.953916,-0.1461475,0.058591597
1355,0.9681579,-0.16078174,0.05617248
1356,0.96405643,-0.14783695,0.062768504
1357,0.97298783,-0.14921957,0.051188532
1358,0.96891725,-0.1394272,0.053497367
1359,0.9512271,-0.14872546,0.056908995
1360,0.97276336,-0.1556556,0.057078913
1361,0.969797,-0.14940917,0.063738875
1362,0.9636102,-0.15533301,0.05693725
1363,0.9649916,-0.16018203,0.06174438
1364,0.96956146,-0.16213676,0.06163694
1365,0.9576335,-0.15278189,0.065552734
1366,0.9581658,-0.14628693,0.06124604
1367,0.97173595,-0.15664247,0.050000742
1368,0.9686784,-0.15137114,0.052282657
1369,0.96203154,-0.15128666,0.05106982
1370,0.9684975,-0.15244131,0.05448152
1371,0.9530861,-0.13718447,0.058107723
1372,0.9621968,-0.14602205,0.06352183
1373,0.95575947,-0.14447753,0.047077075
1374,0.967396,-0.16070446,0.054070134
1375,0.9664582,-0.14244018,0.053490482
1376,0.9371881,-0.15305641,0.058272164
1377,0.95245767,-0.16273412,0.05808545
1378,0.9696422,-0.14894068,0.061971694
1379,0.9592574,-0.14711201,0.052194003
1380,0.9771948,-0.16166532,0.055790447
1381,0.9506578,-0.15717067,0.05863785
1382,0.9478231,-0.14800051,0.055964418
1383,0.947625,-0.13757122,0.06500289
1384,0.9704925,-0.15440667,0.056193955
1385,0.95921457,-0.14665815,0.06769254
1386,0.9466717,-0.15741134,0.06046102
1387,0.9421311,-0.15255149,0.061535265
1388,0.9764407,-0.16903967,0.060473505
1389,0.9644502,-0.15459609,0.06927353
1390,0.95255834,-0.14456354,0.058105126
1391,0.9717067,-0.14911681,0.04586252
1392,0.9604529,-0.15501069,0.05408814
1393,0.95918447,-0.15602006,0.053465847
1394,0.9691378,-0.15772955,0.050540604
1395,0.97551376,-0.14226058,0.057069775
1396,0.9661959,-0.16000713,0.057428565
1397,0.965369,-0.15945005,0.05752129
1398,0.9507261,-0.15253922,0.05771654
1399,0.9461403,-0.1273143,0.057849202
1400,0.9513266,-0.13894251,0.051418256
1401,0.96273863,-0.14698836,0.053900816
1402,0.95680547,-0.15116148,0.06795355
1403,0.95852405,-0.15882586,0.04986285
1404,0.94421554,-0.14605707,0.055145454
1405,0.9752212,-0.15464458,0.057114217
1406,0.9641185,-0.139162,0.042354148
1407,0.9600943,-0.1365685,0.049491532
1408,0.9503738,-0.15222351,0.06719076
1409,0.9803184,-0.15803786,0.057389572
1410,0.9609378,-0.14609,0.055538803
1411,0.9684279,-0.15029855,0.060983025
1412,0.953984,-0.14469634,0.060923815
1413,0.9468748,-0.1387717,0.058398996
1414,0.9559172,-0.15772246,0.054417424
1415,0.98119074,-0.16204801,0.049075797
1416,0.9594507,-0.14836445,0.06423923
1417,0.96693295,-0.14422542,0.0770677
1418,0.9615365,-0.15645763,0.06336105
1419,0.9482634,-0.15688802,0.0652153
1420,0.9491127,-0.14550062,0.061685316
1421,0.9682088,-0.16777046,0.06020893
1422,0.9575547,-0.15659203,0.053138882
1423,0.96123546,-0.15498804,0.06545544
1424,0.96508443,-0.15899105,0.05659432
1425,0.9729966,-0.15048786,0.075722
1426,0.97501904,-0.14746836,0.054531347
1427,0.9762358,-0.15166502,0.05302247
1428,0.96299726,-0.14544667,0.054676626
1429,0.95925987,-0.14668164,0.059856016
1430,0.9610965,-0.15421394,0.05241074
1431,0.96170664,-0.16222692,0.054832388
1432,0.9503756,-0.15897475,0.07214918
1433,0.9601616,-0.14040276,0.06062239
1434,0.97094184,-0.1534466,0.04866068
1435,0.957879,-0.15168166,0.05110824
1436,0.9633018,-0.15353188,0.0651968
1437,0.9599992,-0.14905262,0.060005214
1438,0.95892143,-0.15213916,0.07003144
1439,0.96152484,-0.14961357,0.06338171
1440,0.96686685,-0.15340626,0.060047906
1441,0.9529952,-0.14759474,0.054431267
1442,0.9667581,-0.15607288,0.06289034
1443,0.95212567,-0.16196981,0.05336447
1444,0.96347725,-0.16251217,0.052855812
1445,0.9720194,-0.16001558,0.0587911
1446,0.9588408,-0.14973351,0.0644463
1447,0.956028,-0.149696,0.061668597
1448,0.95816284,-0.15174228,0.046815984
1449,0.96279436,-0.15747233,0.054792717
1450,0.9599489,-0.15399939,0.064451516
1451,0.9669833,-0.14918007,0.06500615
1452,0.96578014,-0.1489209,0.07113715
1453,0.9566682,-0.15360911,0.058888894
1454,0.95418775,-0.15333197,0.06497607
1455,0.9602059,-0.15706174,0.07017801
1456,0.9511835,-0.1609381,0.0514698
1457,0.95647395,-0.15845838,0.05889785
1458,0.9560851,-0.14751647,0.058682136
1459,0.96379447,-0.15223892,0.054344386
1460,0.95119405,-0.14343205,0.044393554
1461,0.95723253,-0.1562118,0.055570617
1462,0.9416198,-0.1421793,0.051943246
1463,0.9706438,-0.1659479,0.060614802
1464,0.9738419,-0.15755595,0.053211782
1465,0.9446694,-0.14995767,0.062428866
1466,0.9505427,-0.14824976,0.068870254
1467,0.96254283,-0.1558742,0.05491272
1468,0.9667514,-0.14618677,0.054345712
1469,0.94631577,-0.14423679,0.054200478
1470,0.9490023,-0.14601383,0.05008171
1471,0.9734082,-0.16272588,0.06622394
1472,0.964594,-0.14475846,0.074417554
1473,0.96369404,-0.14408518,0.049874704
1474,0.95218575,-0.15038654,0.05442818
1475,0.9628377,-0.15137821,0.049968265
1476,0.9664647,-0.14503287,0.06162175
1477,0.9853139,-0.17145221,0.051446605
1478,0.966424,-0.16184686,0.06185821
1479,0.96237266,-0.14257535,0.04359039
1480,0.96151435,-0.15377004,0.056673944
1481,0.96515745,-0.15817733,0.054372787
1482,0.95244205,-0.14800316,0.054384492
1483,0.9594146,-0.1526024,0.050165664
1484,0.96440965,-0.15236107,0.06102082
1485,0.9557878,-0.14079778,0.05761444
1486,0.96965575,-0.1490153,0.061968602
1487,0.97198266,-0.15884434,0.06907265
1488,0.9448566,-0.15126929,0.060868222
1489,0.9821542,-0.15417261,0.05509828
1490,0.95938104,-0.14719442,0.056937028
1491,0.96677107,-0.15617265,0.052328866
1492,0.96560967,-0.14941947,0.05931727
1493,0.95751464,-0.14640597,0.06064003
1494,0.9734886,-0.14881809,0.061452292
1495,0.960356,-0.15165907,0.06971751
1496,0.9530382,-0.13556084,0.056686588
1497,0.96367425,-0.14999044,0.059632618
1498,0.9635152,-0.14623344,0.058518827
1499,0.9610942,-0.15739459,0.06626131
1500,0.9608097,-0.16263844,0.06132993
1501,0.9659389,-0.15321083,0.045671396
1502,0.98194605,-0.16689007,0.0689701
1503,0.9723877,-0.15243669,0.05837013
1504,0.965442,-0.15615265,0.050803
1505,0.95131683,-0.14833367,0.04895059
1506,0.9743461,-0.14388247,0.060160287
1507,0.96858734,-0.13785599,0.062353257
1508,0.9677798,-0.15520231,0.046732772
1509,0.96342814,-0.1546486,0.051658247
1510,0.99132913,-0.16047797,0.049483232
1511,0.972539,-0.15607415,0.056712598
1512,0.97323686,-0.14310442,0.04413129
1513,0.957609,-0.1620664,0.058866065
1514,0.96744543,-0.16508892,0.0631776
1515,0.9579995,-0.15954593,0.06383381
1516,0.94913584,-0.15247804,0.053871427
1517,0.9687171,-0.15653227,0.048898093
1518,0.97102326,-0.15455076,0.06092167
1519,0.96046877,-0.15513009,0.06039076
1520,0.9669391,-0.1475948,0.046498563
1521,0.97424483,-0.14459193,0.054069605
1522,0.9605943,-0.1474288,0.0527957
1523,0.9749133,-0.15418705,0.055964727
1524,0.96728885,-0.15919921,0.05643767
1525,0.97345734,-0.14801516,0.05472901
1526,0.96073824,-0.16219707,0.05613223
1527,0.9641573,-0.15277295,0.0637147
1528,0.96196204,-0.14108053,0.05135997
1529,0.9684355,-0.15352489,0.059868276
1530,0.97766954,-0.15099128,0.053184386
1531,0.9830542,-0.15897405,0.05493318
1532,0.952377,-0.14548679,0.04824213
1533,0.9628873,-0.15725109,0.057350654
1534,0.9709544,-0.14129406,0.061418664
1535,0.9530441,-0.13953227,0.054437228
1536,0.955166,-0.15282664,0.053615775
1537,0.96103215,-0.15970881,0.0617214
1538,0.9609329,-0.16084318,0.04513689
1539,0.9774441,-0.15817337,0.05494418
1540,0.9571879,-0.1521122,0.04848665
1541,0.958867,-0.14363714,0.063177764
1542,0.98147005,-0.16206588,0.06628723
1543,0.9453718,-0.14267288,0.054396577
1544,0.9637097,-0.15065938,0.06600645
1545,0.95534915,-0.14753798,0.060989253
1546,0.9446952,-0.15484755,0.056381047
1547,0.9586877,-0.15510887,0.06964976
1548,0.96895254,-0.14577287,0.06421736
1549,0.98111135,-0.15154327,0.0625637
1550,0.9615199,-0.155886,0.062514395
1551,0.96978915,-0.15066199,0.054673042
1552,0.96189237,-0.14680186,0.05314318
1553,0.95943254,-0.14595942,0.04981499
1554,0.9780295,-0.14206757,0.045940805
1555,0.9656299,-0.14254425,0.05638963
1556,0.964341,-0.14677118,0.06534169
1557,0.9757798,-0.15043658,0.062099326
1558,0.9682421,-0.14944936,0.04723418
1559,0.9639945,-0.15040869,0.042292804
1560,0.96220344,-0.154821,0.057455778
1561,0.9480733,-0.14294773,0.06459473
1562,0.9708258,-0.15982004,0.055176787
1563,0.9825837,-0.1587952,0.067788325
1564,0.9678809,-0.15286325,0.0704485
1565,0.97066045,-0.15309371,0.059509423
1566,0.97262055,-0.15837905,0.053276394
1567,0.9731044,-0.15612988,0.07107598
1568,0.9361601,-0.1412073,0.053778682
1569,0.97652596,-0.15733744,0.05141804
1570,0.9519987,-0.15349948,0.057911802
1571,0.97315663,-0.15974738,0.055555586
1572,0.9660244,-0.1645721,0.06909311
1573,0.97126436,-0.16088396,0.05489921
1574,0.956248,-0.14859512,0.057807148
1575,0.9588936,-0.15211864,0.053268537
1576,0.9342769,-0.13946533,0.054015752
1577,0.96162033,-0.15774935,0.058794156
1578,0.9562608,-0.14860561,0.057413716
1579,0.94831866,-0.15037696,0.056518193
1580,0.96149945,-0.15121417,0.06725643
1581,0.9554294,-0.14616086,0.048864454
1582,0.9753844,-0.15705341,0.05843778
1583,0.9566747,-0.14769097,0.063032456
1584,0.9497239,-0.15599625,0.057756353
1585,0.9587602,-0.14930722,0.051809866
1586,0.9541202,-0.15123762,0.055104222
1587,0.96653897,-0.15409572,0.060828723
1588,0.9668639,-0.14811774,0.056381475
1589,0.9703601,-0.15014553,0.0568958
1590,0.9684009,-0.1559183,0.05129626
1591,0.95507264,-0.15493508,0.057736076
1592,0.9577981,-0.13794678,0.052747685
1593,0.9535555,-0.14228474,0.055015564
1594,0.98011744,-0.16263467,0.052045085
1595,0.980992,-0.15498696,0.05628822
1596,0.9665447,-0.16127966,0.046575192
1597,0.9580313,-0.14229704,0.05996585
1598,0.9409755,-0.14915365,0.05300895
1599,0.9637372,-0.15161704,0.07100367
1600,0.9535932,-0.14758994,0.055233955
1601,0.97018456,-0.15406264,0.07130713
1602,0.95592374,-0.14005376,0.0679199
1603,0.958954,-0.14423297,0.049376387
1604,0.9794853,-0.16946352,0.054596648
1605,0.96870726,-0.13817556,0.0644371
1606,0.966055,-0.15670714,0.064240314
1607,0.95941275,-0.14546217,0.06989664
1608,0.976671,-0.14749475,0.05835482
1609,0.96394116,-0.15575281,0.06508634
1610,0.97192794,-0.14570248,0.050539274
1611,0.947271,-0.15209356,0.04765358
1612,0.95624536,-0.16046727,0.04602622
1613,0.96154535,-0.15022568,0.055474017
1614,0.9621768,-0.15113091,0.056164622
1615,0.9805845,-0.16890761,0.05352929
1616,0.96270216,-0.15195723,0.053888395
1617,0.94381297,-0.15218808,0.05419983
1618,0.95408124,-0.1516352,0.07165396
1619,0.9784133,-0.16591258,0.05450836
1620,0.94996345,-0.1540618,0.0539607
1621,0.96692914,-0.15040755,0.061112814
1622,0.9751084,-0.15555145,0.053335022
1623,0.97342277,-0.15483104,0.057751603
1624,0.9672746,-0.16207844,0.05280896
1625,0.96089613,-0.16263911,0.054205902
1626,0.94489545,-0.15670924,0.05081383
1627,0.9657023,-0.15843153,0.05528283
1628,0.9609687,-0.14675312,0.050417494
1629,0.9571513,-0.14726374,0.06055314
1630,0.9524332,-0.14855435,0.05080846
1631,0.9570639,-0.15794809,0.060556628
1632,0.9651009,-0.15366724,0.046729777
1633,0.993622,-0.1540485,0.051985104
1634,0.9643059,-0.16810763,0.059592005
1635,0.9592938,-0.15821356,0.06651834
1636,0.9640957,-0.16246186,0.056617144
1637,0.9563311,-0.1580722,0.054849546
1638,0.9612443,-0.1563508,0.053947575
1639,0.9476843,-0.14203659,0.06488872
1640,0.9564533,-0.15295863,0.05635618
1641,0.96095693,-0.1551758,0.056477103
1642,0.9456545,-0.14592691,0.045016643
1643,0.96234417,-0.16002357,0.05637086
1644,0.95839834,-0.15275328,0.06139917
1645,0.9464219,-0.1571484,0.061706413
1646,0.96163946,-0.15228316,0.06395715
1647,0.97151595,-0.15321645,0.06291195
1648,0.96367437,-0.15792853,0.064150274
1649,0.9570738,-0.152125,0.054237198
1650,0.9659449,-0.16038693,0.06769013
1651,0.95386916,-0.14733915,0.05361098
1652,0.9665061,-0.15146746,0.056517683
1653,0.9736217,-0.1406031,0.060849093
1654,0.9726685,-0.15381935,0.05192095
1655,0.97005177,-0.15055133,0.052072708
1656,0.9571664,-0.15571412,0.07087609
1657,0.9757501,-0.1650428,0.05828608
1658,0.9596448,-0.14202768,0.053615488
1659,0.9583216,-0.15371919,0.060839575
1660,0.9565766,-0.1588493,0.06581511
1661,0.9495687,-0.1365076,0.055860545
1662,0.9562525,-0.15834273,0.056611124
1663,0.97066337,-0.14805835,0.06808724
1664,0.96885943,-0.16569015,0.063171946
1665,0.96270984,-0.15413062,0.062164716
1666,0.96510184,-0.15147874,0.05426709
1667,0.95785916,-0.15138645,0.06711437
1668,0.9661052,-0.15295082,0.053764872
1669,0.9601019,-0.14982781,0.06283408
1670,0.9613804,-0.16800182,0.04703349
1671,0.9642976,-0.14784093,0.061364017
1672,0.9590268,-0.15684874,0.053958707
1673,0.9542933,-0.1490888,0.046108525
1674,0.96640825,-0.15740536,0.054025702
1675,0.95950705,-0.15715435,0.057580527
1676,0.968192,-0.15987991,0.0486633
1677,0.9638717,-0.15090643,0.05633866
1678,0.9625523,-0.14519037,0.066136666
1679,0.9284763,-0.14216854,0.061735988
1680,0.9748308,-0.15426902,0.062321126
1681,0.9615852,-0.15230411,0.051994786
1682,0.98781776,-0.1532654,0.06360469
1683,0.9625464,-0.15582266,0.0539398
1684,0.9729301,-0.1559821,0.058642507
1685,0.9453509,-0.13935697,0.06506597
1686,0.97850424,-0.15839066,0.045587238
1687,0.9685623,-0.15171397,0.06311077
1688,0.95334387,-0.15340641,0.050171744
1689,0.9412534,-0.14120142,0.051614705
1690,0.9516893,-0.14386994,0.055016864
1691,0.9619011,-0.14614782,0.05004315
1692,0.9751723,-0.1541485,0.058254875
1693,0.96840996,-0.16269562,0.07604455
1694,0.9446294,-0.15140882,0.054749962
1695,0.9563518,-0.14941727,0.04889415
1696,0.9511216,-0.14620169,0.06307428
1697,0.96387905,-0.14776504,0.056795966
1698,0.95070267,-0.14142923,0.06726824
1699,0.9671821,-0.14838842,0.060563646
1700,0.9537602,-0.14597899,0.060837314
1701,0.9684961,-0.15097147,0.05508188
1702,0.9614695,-0.15298739,0.038669094
1703,0.95774955,-0.15120482,0.060293674
1704,0.952238,-0.15242274,0.05386785
1705,0.9692067,-0.15416096,0.053088117
1706,0.94703907,-0.14178708,0.059773415
1707,0.95685905,-0.15833135,0.06277974
1708,0.96020466,-0.15460227,0.06318572
1709,0.9581619,-0.14497906,0.056956477
1710,0.9778767,-0.1614926,0.060250532
1711,0.979477,-0.14957747,0.057873253
1712,0.96999776,-0.14491016,0.05901498
1713,0.9578157,-0.15352035,0.05814769
1714,0.9568891,-0.15042461,0.053921707
1715,0.9568336,-0.15505682,0.060531758
1716,0.9550934,-0.15672234,0.06018056
1717,0.9633222,-0.15984237,0.057131205
1718,0.9594466,-0.15329699,0.061527006
1719,0.95883423,-0.1556508,0.058215555
1720,0.971718,-0.14964229,0.053364154
1721,0.9690779,-0.1516647,0.06448453
1722,0.9657893,-0.15824139,0.064914614
1723,0.9757827,-0.15263668,0.05361866
1724,0.9592904,-0.15343913,0.06366258
1725,0.9680541,-0.14121301,0.05099902
1726,0.9448588,-0.1470717,0.05174771
1727,0.9529414,-0.14476697,0.061436236
1728,0.96652824,-0.1684116,0.0581219
1729,0.9601279,-0.14813884,0.052224737
1730,0.9543623,-0.1480212,0.05704525
1731,0.9470765,-0.14685379,0.054130517
1732,0.9477349,-0.14425562,0.053001847
1733,0.9705281,-0.15904988,0.056638483
1734,0.98055977,-0.15498355,0.060977016
1735,0.9491478,-0.15504025,0.05673693
1736,0.95145,-0.15343219,0.06166375
1737,0.9689653,-0.1530339,0.04642287
1738,0.9762312,-0.16561909,0.05043256
1739,0.9478386,-0.15237834,0.06877179
1740,0.95363045,-0.14693421,0.062454976
1741,0.960321,-0.14583406,0.05226363
1742,0.9530987,-0.1561109,0.054701876
1743,0.9628852,-0.14941806,0.051393446
1744,0.95779926,-0.14751908,0.056579653
1745,0.9629059,-0.14679058,0.050590497
1746,0.96147126,-0.15935336,0.06311244
1747,0.98849666,-0.16156976,0.05928851
1748,0.9539319,-0.14624533,0.04816324
1749,0.97165203,-0.14718932,0.049746867
1750,0.980884,-0.17429145,0.0611009
1751,0.96014434,-0.1388506,0.05361277
1752,0.9624691,-0.15029779,0.06323275
1753,0.960887,-0.14538813,0.049464718
1754,0.9656705,-0.15752086,0.056701712
1755,0.9683439,-0.15342297,0.054573495
1756,0.9675466,-0.14495657,0.050523598
1757,0.9532378,-0.15757024,0.057138223
1758,0.96467584,-0.15668085,0.057026785
1759,0.97323126,-0.15021414,0.05535335
1760,0.9574492,-0.1517874,0.059402276
1761,0.9694752,-0.1565613,0.05775067
1762,0.96273017,-0.15875582,0.057443652
1763,0.9706873,-0.15093833,0.045773935
1764,0.9496823,-0.15567757,0.056792606
1765,0.98561025,-0.15670247,0.057215236
1766,0.96049017,-0.1452803,0.057654962
1767,0.97125286,-0.14453153,0.061098743
1768,0.9623134,-0.14450915,0.062102176
1769,0.9579923,-0.1528019,0.05650613
1770,0.9631066,-0.15748237,0.05477116
1771,0.9416461,-0.14514436,0.05516688
1772,0.9610898,-0.1472209,0.051209677
1773,0.96127856,-0.15036891,0.053033818
1774,0.9619491,-0.14495261,0.06223283
1775,0.97793615,-0.14900663,0.047681823
1776,0.96316195,-0.1575046,0.05555299
1777,0.9668798,-0.15302564,0.04821329
1778,0.94591194,-0.14461838,0.05942329
1779,0.97486675,-0.15372224,0.05361007
1780,0.96707326,-0.1530843,0.05503774
1781,0.96970445,-0.15364794,0.04768049
1782,0.96154773,-0.15877393,0.056046154
1783,0.9662616,-0.16513623,0.060212612
1784,0.97164255,-0.14795744,0.06447975
1785,0.9646202,-0.16921589,0.05876288
1786,0.95373464,-0.15337123,0.051141437
1787,0.9544455,-0.14547665,0.06469046
1788,0.9819671,-0.15265508,0.05487723
1789,0.9667558,-0.15178764,0.05676156
1790,0.9557927,-0.1553572,0.054519158
1791,0.96072966,-0.15063624,0.058077015
1792,0.9480495,-0.14825334,0.05729848
1793,0.96423924,-0.14374846,0.0556188
1794,0.9652861,-0.15550222,0.05201036
1795,0.96009797,-0.14826702,0.057350524
1796,0.9560101,-0.15145384,0.06321456
1797,0.9587976,-0.14327161,0.057015654
1798,0.97361773,-0.15897182,0.047946498
1799,0.96753347,-0.15815605,0.05878866
1800,0.95365614,-0.15064989,0.059571672
1801,0.94549745,-0.13651268,0.059287302
1802,0.95426005,-0.15261523,0.05550597
1803,0.9761994,-0.15116853,0.07046574
1804,0.960471,-0.1380726,0.05495059
1805,0.9417616,-0.15075657,0.04679159
1806,0.94869035,-0.14354958,0.059021372
1807,0.97465277,-0.15268998,0.052817542
1808,0.9542703,-0.16759461,0.056391936
1809,0.9741902,-0.16157314,0.05732171
1810,0.931323,-0.13895762,0.066165574
1811,0.9615804,-0.15702453,0.053658042
1812,0.95563626,-0.14894979,0.05649437
1813,0.97294116,-0.15502928,0.054326
1814,0.9716017,-0.14543325,0.05598455
1815,0.9542394,-0.15253042,0.05142989
1816,0.96923006,-0.15389083,0.047099985
1817,0.9667103,-0.14963402,0.05873806
1818,0.97447234,-0.1525602,0.054738324
1819,0.96483946,-0.1525749,0.05418752
1820,0.9532284,-0.14998075,0.05348
1821,0.9540334,-0.14554895,0.06210287
1822,0.97739905,-0.16253135,0.07004271
1823,0.96836156,-0.14344013,0.058394905
1824,0.98120576,-0.16354007,0.062489785
1825,0.9485298,-0.15518078,0.04672229
1826,0.9722038,-0.15106456,0.059406508
1827,0.9712891,-0.15309279,0.04919448
1828,0.9530289,-0.14455606,0.06842202
1829,0.94691503,-0.1436367,0.054636985
1830,0.94201255,-0.14880319,0.06722331
1831,0.9758817,-0.15406394,0.066627145
1832,0.958048,-0.1520598,0.058030248
1833,0.9507469,-0.14963415,0.060409233
1834,0.96961474,-0.14851402,0.06127646
1835,0.9613529,-0.14482528,0.0516935
1836,0.96251833,-0.14293227,0.056506988
1837,0.95283103,-0.15786077,0.057963487
1838,0.96314734,-0.15274282,0.053427
1839,0.97358996,-0.1579715,0.05608168
1840,0.94656277,-0.1552048,0.05803488
1841,0.9556604,-0.14817107,0.060991056
1842,0.95830274,-0.16348816,0.05286645
1843,0.97611856,-0.1558945,0.053200915
1844,0.9634854,-0.15407212,0.04981099
1845,0.96137923,-0.14929602,0.06400463
1846,0.9580262,-0.15268984,0.05912251
1847,0.96353644,-0.161711,0.066934414
1848,0.9574243,-0.1489292,0.05261608
1849,0.9736259,-0.1511403,0.05129821
1850,0.94501996,-0.14428446,0.060317278
1851,0.9505311,-0.14862189,0.062187772
1852,0.94577324,-0.14781722,0.06313992
1853,0.97798246,-0.15655857,0.05521232
1854,0.9710634,-0.14598122,0.056463107
1855,0.95964134,-0.13924234,0.0628698
1856,0.9627994,-0.15026236,0.062217887
1857,0.9658664,-0.15179054,0.06085576
1858,0.96524155,-0.15255219,0.05446179
1859,0.9476447,-0.14253335,0.059934612
1860,0.96372676,-0.15795662,0.052382965
1861,0.9421119,-0.15312415,0.06467664
1862,0.9748766,-0.1645355,0.053844377
1863,0.9696964,-0.15156263,0.061809875
1864,0.95845556,-0.1556989,0.057400875
1865,0.9479561,-0.1538882,0.05580972
1866,0.9642072,-0.14552636,0.057584077
1867,0.9701189,-0.15485346,0.048055544
1868,0.94688493,-0.15282963,0.05464304
1869,0.9531393,-0.14640091,0.06330647
1870,0.9693453,-0.16139321,0.059276585
1871,0.9713464,-0.15734187,0.050069034
1872,0.9589739,-0.15691642,0.055875402
1873,0.9683017,-0.14816064,0.060182475
1874,0.97038794,-0.1480723,0.048347455
1875,0.9605564,-0.14776784,0.05733731
1876,0.9477239,-0.15484482,0.061896957
1877,0.96604985,-0.14309461,0.060847994
1878,0.98036015,-0.15028347,0.05224648
1879,0.96472126,-0.15564512,0.051715143
1880,0.9739042,-0.14972009,0.05037748
1881,0.9535193,-0.14720935,0.04917745
1882,0.956314,-0.14978144,0.054524656
1883,0.966672,-0.15183769,0.06511163
1884,0.9656404,-0.16313978,0.046487827
1885,0.9756687,-0.16140786,0.061553217
1886,0.9687494,-0.15560056,0.054881647
1887,0.9532186,-0.1420705,0.066858105
1888,0.9776934,-0.1553031,0.047958743
1889,0.96446794,-0.1510069,0.053987566
1890,0.97402334,-0.1604553,0.0598941
1891,0.95756304,-0.16126828,0.05330938
1892,0.95749575,-0.14824113,0.054115985
1893,0.9619226,-0.15375102,0.057538394
1894,0.9580605,-0.15736675,0.065327734
1895,0.9628381,-0.146925,0.049374525
1896,0.95577675,-0.15204783,0.06037878
1897,0.9397912,-0.15374675,0.045033522
1898,0.96973723,-0.14896663,0.059891615
1899,0.95715255,-0.15196753,0.04468984
1900,0.96829605,-0.15122248,0.06686168
1901,0.9535307,-0.1466178,0.055422954
1902,0.9465129,-0.14812486,0.051176503
1903,0.95737195,-0.16018651,0.051299132
1904,0.9610973,-0.15887411,0.058998723
1905,0.9658648,-0.14876616,0.0527394
1906,0.9503637,-0.14406611,0.055372182
1907,0.9595913,-0.14955999,0.07035188
1908,0.9640916,-0.1617219,0.057826404
1909,0.97215855,-0.15982287,0.05648297
1910,0.95488095,-0.14789376,0.05512495
1911,0.96237355,-0.14623812,0.05927888
1912,0.97127825,-0.14744301,0.068471536
1913,0.966478,-0.15620956,0.058021322
1914,0.9655805,-0.14990006,0.062764674
1915,0.96651965,-0.1580927,0.053480137
1916,0.9611177,-0.1464348,0.05846258
1917,0.956495,-0.14801368,0.06748444
1918,0.94695497,-0.15041856,0.05380344
1919,0.9449009,-0.13140051,0.06474545
1920,0.96067536,-0.14511901,0.056466248
1921,0.9707931,-0.14445743,0.061976716
1922,0.948225,-0.15818556,0.046110075
1923,0.96999633,-0.15221727,0.06369408
1924,0.93119836,-0.1431542,0.064929225
1925,0.9538008,-0.14877535,0.06727046
1926,0.9733205,-0.16547321,0.06097914
1927,0.97491586,-0.1533087,0.05643221
1928,0.96195906,-0.14813277,0.059465382
1929,0.96110296,-0.15892227,0.062262166
1930,0.9658009,-0.15650657,0.055721514
1931,0.95928043,-0.14899908,0.055594712
1932,0.9643657,-0.15496251,0.037892934
1933,0.9834769,-0.15348408,0.055192523
1934,0.9682894,-0.1573835,0.056393873
1935,0.961093,-0.14813083,0.06538664
1936,0.9769816,-0.14910758,0.06748538
1937,0.950677,-0.15133809,0.062227372
1938,0.9535025,-0.14824061,0.049690142
1939,0.96186215,-0.15530923,0.049721666
1940,0.9588164,-0.1521824,0.055401865
1941,0.9712048,-0.15141658,0.054002732
1942,0.95381725,-0.14692289,0.054617807
1943,0.9457711,-0.14252956,0.06438308
1944,0.95745665,-0.15373985,0.067918696
1945,0.96229464,-0.15606925,0.053431287
1946,0.97333205,-0.15972328,0.052704096
1947,0.9718696,-0.16244355,0.061345205
1948,0.9476044,-0.14329469,0.06820921
1949,0.96657276,-0.15483789,0.056017056
1950,0.96597594,-0.1627163,0.053843874
1951,0.9498987,-0.14524832,0.054955237
1952,0.9570699,-0.15407534,0.043127563
1953,0.95870775,-0.1516948,0.05982446
1954,0.9562633,-0.14093441,0.051446628
1955,0.9842591,-0.15847796,0.063745245
1956,0.9564912,-0.14839186,0.066783406
1957,0.9549071,-0.14240533,0.061245706
1958,0.9774772,-0.16374806,0.047958054
1959,0.96329874,-0.15715645,0.06212541
1960,0.9571941,-0.15308614,0.071574196
1961,0.9515176,-0.14117686,0.059799217
1962,0.96482706,-0.15391101,0.062909596
1963,0.9583706,-0.14007407,0.053519145
1964,0.9729247,-0.14360498,0.044764865
1965,0.9688091,-0.16308923,0.057378884
1966,0.9643549,-0.15204836,0.059610475
1967,0.9549236,-0.1452859,0.051613834
1968,0.95963395,-0.14915974,0.060352907
1969,0.9449425,-0.14893374,0.06814464
1970,0.97084916,-0.15686648,0.05884598
1971,0.9565326,-0.16358376,0.056191877
1972,0.96138173,-0.15421775,0.049473904
1973,0.9846831,-0.16390857,0.049557123
1974,0.9697049,-0.14154473,0.057558138
1975,0.9541134,-0.15012212,0.05907254
1976,0.94637114,-0.14755426,0.06272173
1977,0.95798534,-0.14264408,0.051852778
1978,0.9659881,-0.14898278,0.05162818
1979,0.961619,-0.15500753,0.05391893
1980,0.94203585,-0.14909199,0.05787393
1981,0.9510593,-0.15044686,0.052090164
1982,0.9569156,-0.13827637,0.054929968
1983,0.9807775,-0.15024617,0.06289117
1984,0.9571567,-0.15147081,0.054518
1985,0.96681964,-0.151383,0.04517921
1986,0.9556289,-0.14848594,0.054052316
1987,0.9568408,-0.13727486,0.065410726
1988,0.96769637,-0.16046032,0.048066687
1989,0.973395,-0.15686604,0.043619633
1990,0.97927314,-0.15734302,0.049567502
1991,0.95977163,-0.14906366,0.062773116
1992,0.96929604,-0.1581595,0.05985238
1993,0.9661741,-0.15180756,0.06601669
1994,0.9793132,-0.16794558,0.06691226
1995,0.9450535,-0.15488707,0.058968257
1996,0.97743255,-0.14988953,0.05599246
1997,0.96631664,-0.14852773,0.05717802
1998,0.9803,-0.14866187,0.055275705
1999,0.9696581,-0.1368653,0.04995539
